UserID,Age,AgeGroup,Gender,GenderEncoded
U00001,15,15-20,Male,0
U00002,29,21-30,Female,1
U00003,33,31-40,Female,1
U00004,23,21-30,Female,1
U00005,21,21-30,Male,0
U00006,21,21-30,Male,0
U00007,24,21-30,Male,0
U00008,33,31-40,Female,1
U00009,20,15-20,Female,1
U00010,34,31-40,Female,1
U00011,15,15-20,Female,1
U00012,15,15-20,Female,1
U00013,33,31-40,Female,1
U00014,30,21-30,Male,0
U00015,27,21-30,Female,1
U00016,32,31-40,Male,0
U00017,24,21-30,Male,0
U00018,24,21-30,Female,1
U00019,24,21-30,Female,1
U00020,27,21-30,Female,1
U00021,15,15-20,Male,0
U00022,31,31-40,Male,0
U00023,32,31-40,Male,0
U00024,18,15-20,Female,1
U00025,34,31-40,Male,0
U00026,19,15-20,Male,0
U00027,31,31-40,Male,0
U00028,30,21-30,Female,1
U00029,30,21-30,Male,0
U00030,34,31-40,Male,0
U00031,30,21-30,Male,0
U00032,18,15-20,Male,0
U00033,25,21-30,Male,0
U00034,32,31-40,Female,1
U00035,32,31-40,Male,0
U00036,24,21-30,Female,1
U00037,31,31-40,Female,1
U00038,35,31-40,Male,0
U00039,16,15-20,Female,1
U00040,15,15-20,Male,0
U00041,19,15-20,Female,1
U00042,32,31-40,Male,0
U00043,31,31-40,Male,0
U00044,19,15-20,Male,0
U00045,23,21-30,Female,1
U00046,29,21-30,Female,1
U00047,34,31-40,Male,0
U00048,19,15-20,Male,0
U00049,32,31-40,Male,0
U00050,33,31-40,Male,0
U00051,32,31-40,Female,1
U00052,25,21-30,Female,1
U00053,34,31-40,Female,1
U00054,22,21-30,Female,1
U00055,31,31-40,Female,1
U00056,22,21-30,Female,1
U00057,18,15-20,Male,0
U00058,30,21-30,Female,1
U00059,32,31-40,Male,0
U00060,26,21-30,Male,0
U00061,32,31-40,Female,1
U00062,28,21-30,Female,1
U00063,34,31-40,Female,1
U00064,33,31-40,Female,1
U00065,29,21-30,Male,0
U00066,26,21-30,Female,1
U00067,28,21-30,Female,1
U00068,32,31-40,Male,0
U00069,27,21-30,Female,1
U00070,25,21-30,Female,1
U00071,30,21-30,Female,1
U00072,17,15-20,Female,1
U00073,16,15-20,Male,0
U00074,19,15-20,Male,0
U00075,22,21-30,Male,0
U00076,34,31-40,Male,0
U00077,20,15-20,Male,0
U00078,32,31-40,Female,1
U00079,28,21-30,Male,0
U00080,35,31-40,Female,1
U00081,18,15-20,Female,1
U00082,31,31-40,Male,0
U00083,16,15-20,Male,0
U00084,20,15-20,Male,0
U00085,22,21-30,Female,1
U00086,27,21-30,Female,1
U00087,19,15-20,Female,1
U00088,23,21-30,Male,0
U00089,30,21-30,Male,0
U00090,34,31-40,Male,0
U00091,35,31-40,Male,0
U00092,31,31-40,Male,0
U00093,16,15-20,Male,0
U00094,27,21-30,Male,0
U00095,20,15-20,Male,0
U00096,34,31-40,Female,1
U00097,25,21-30,Male,0
U00098,31,31-40,Male,0
U00099,29,21-30,Female,1
U00100,32,31-40,Female,1
U00101,15,15-20,Female,1
U00102,32,31-40,Male,0
U00103,30,21-30,Female,1
U00104,19,15-20,Male,0
U00105,27,21-30,Male,0
U00106,19,15-20,Male,0
U00107,18,15-20,Female,1
U00108,32,31-40,Male,0
U00109,15,15-20,Female,1
U00110,26,21-30,Female,1
U00111,24,21-30,Male,0
U00112,34,31-40,Female,1
U00113,19,15-20,Male,0
U00114,22,21-30,Female,1
U00115,32,31-40,Female,1
U00116,31,31-40,Male,0
U00117,19,15-20,Female,1
U00118,28,21-30,Female,1
U00119,28,21-30,Male,0
U00120,15,15-20,Male,0
U00121,27,21-30,Female,1
U00122,21,21-30,Female,1
U00123,18,15-20,Female,1
U00124,19,15-20,Female,1
U00125,35,31-40,Female,1
U00126,23,21-30,Female,1
U00127,34,31-40,Female,1
U00128,35,31-40,Female,1
U00129,19,15-20,Male,0
U00130,17,15-20,Male,0
U00131,19,15-20,Male,0
U00132,22,21-30,Male,0
U00133,21,21-30,Male,0
U00134,26,21-30,Female,1
U00135,17,15-20,Female,1
U00136,25,21-30,Female,1
U00137,15,15-20,Female,1
U00138,26,21-30,Male,0
U00139,16,15-20,Female,1
U00140,24,21-30,Female,1
U00141,20,15-20,Male,0
U00142,17,15-20,Female,1
U00143,26,21-30,Male,0
U00144,24,21-30,Female,1
U00145,23,21-30,Female,1
U00146,30,21-30,Female,1
U00147,30,21-30,Male,0
U00148,35,31-40,Female,1
U00149,17,15-20,Female,1
U00150,25,21-30,Male,0
U00151,16,15-20,Female,1
U00152,19,15-20,Female,1
U00153,35,31-40,Male,0
U00154,29,21-30,Male,0
U00155,27,21-30,Male,0
U00156,17,15-20,Male,0
U00157,32,31-40,Female,1
U00158,35,31-40,Female,1
U00159,16,15-20,Male,0
U00160,28,21-30,Female,1
U00161,25,21-30,Female,1
U00162,26,21-30,Male,0
U00163,32,31-40,Female,1
U00164,32,31-40,Male,0
U00165,30,21-30,Male,0
U00166,33,31-40,Male,0
U00167,31,31-40,Female,1
U00168,24,21-30,Female,1
U00169,24,21-30,Male,0
U00170,34,31-40,Female,1
U00171,24,21-30,Male,0
U00172,35,31-40,Female,1
U00173,31,31-40,Male,0
U00174,29,21-30,Male,0
U00175,32,31-40,Female,1
U00176,34,31-40,Male,0
U00177,29,21-30,Female,1
U00178,20,15-20,Male,0
U00179,34,31-40,Male,0
U00180,26,21-30,Female,1
U00181,32,31-40,Female,1
U00182,28,21-30,Female,1
U00183,33,31-40,Male,0
U00184,28,21-30,Male,0
U00185,27,21-30,Male,0
U00186,28,21-30,Female,1
U00187,18,15-20,Male,0
U00188,18,15-20,Male,0
U00189,18,15-20,Male,0
U00190,25,21-30,Female,1
U00191,34,31-40,Male,0
U00192,17,15-20,Male,0
U00193,33,31-40,Male,0
U00194,35,31-40,Male,0
U00195,15,15-20,Male,0
U00196,23,21-30,Female,1
U00197,35,31-40,Female,1
U00198,30,21-30,Female,1
U00199,24,21-30,Female,1
U00200,32,31-40,Male,0
U00201,16,15-20,Male,0
U00202,28,21-30,Female,1
U00203,25,21-30,Female,1
U00204,28,21-30,Female,1
U00205,32,31-40,Male,0
U00206,19,15-20,Female,1
U00207,33,31-40,Male,0
U00208,18,15-20,Female,1
U00209,26,21-30,Male,0
U00210,30,21-30,Male,0
U00211,22,21-30,Male,0
U00212,30,21-30,Female,1
U00213,15,15-20,Male,0
U00214,24,21-30,Female,1
U00215,28,21-30,Male,0
U00216,23,21-30,Male,0
U00217,28,21-30,Male,0
U00218,15,15-20,Female,1
U00219,23,21-30,Female,1
U00220,20,15-20,Male,0
U00221,27,21-30,Male,0
U00222,28,21-30,Male,0
U00223,35,31-40,Female,1
U00224,15,15-20,Female,1
U00225,18,15-20,Male,0
U00226,34,31-40,Female,1
U00227,23,21-30,Male,0
U00228,18,15-20,Male,0
U00229,22,21-30,Male,0
U00230,17,15-20,Female,1
U00231,16,15-20,Male,0
U00232,26,21-30,Female,1
U00233,32,31-40,Male,0
U00234,32,31-40,Male,0
U00235,34,31-40,Male,0
U00236,25,21-30,Female,1
U00237,20,15-20,Male,0
U00238,24,21-30,Female,1
U00239,32,31-40,Female,1
U00240,34,31-40,Female,1
U00241,23,21-30,Female,1
U00242,27,21-30,Male,0
U00243,24,21-30,Female,1
U00244,28,21-30,Male,0
U00245,31,31-40,Female,1
U00246,31,31-40,Male,0
U00247,30,21-30,Female,1
U00248,17,15-20,Male,0
U00249,35,31-40,Female,1
U00250,21,21-30,Male,0
U00251,28,21-30,Female,1
U00252,29,21-30,Female,1
U00253,19,15-20,Male,0
U00254,19,15-20,Female,1
U00255,26,21-30,Female,1
U00256,35,31-40,Female,1
U00257,29,21-30,Male,0
U00258,19,15-20,Male,0
U00259,35,31-40,Male,0
U00260,35,31-40,Male,0
U00261,28,21-30,Female,1
U00262,24,21-30,Male,0
U00263,15,15-20,Male,0
U00264,18,15-20,Female,1
U00265,15,15-20,Male,0
U00266,25,21-30,Female,1
U00267,34,31-40,Male,0
U00268,29,21-30,Female,1
U00269,22,21-30,Female,1
U00270,23,21-30,Male,0
U00271,15,15-20,Male,0
U00272,25,21-30,Male,0
U00273,25,21-30,Female,1
U00274,32,31-40,Female,1
U00275,28,21-30,Female,1
U00276,22,21-30,Female,1
U00277,21,21-30,Male,0
U00278,27,21-30,Male,0
U00279,24,21-30,Male,0
U00280,15,15-20,Male,0
U00281,30,21-30,Female,1
U00282,19,15-20,Male,0
U00283,28,21-30,Male,0
U00284,30,21-30,Male,0
U00285,29,21-30,Female,1
U00286,24,21-30,Female,1
U00287,21,21-30,Female,1
U00288,35,31-40,Male,0
U00289,17,15-20,Female,1
U00290,17,15-20,Female,1
U00291,16,15-20,Female,1
U00292,33,31-40,Male,0
U00293,25,21-30,Female,1
U00294,21,21-30,Female,1
U00295,29,21-30,Male,0
U00296,31,31-40,Female,1
U00297,29,21-30,Male,0
U00298,32,31-40,Male,0
U00299,20,15-20,Female,1
U00300,26,21-30,Female,1
U00301,26,21-30,Male,0
U00302,34,31-40,Female,1
U00303,35,31-40,Male,0
U00304,35,31-40,Male,0
U00305,22,21-30,Male,0
U00306,28,21-30,Male,0
U00307,33,31-40,Female,1
U00308,26,21-30,Male,0
U00309,27,21-30,Male,0
U00310,26,21-30,Female,1
U00311,18,15-20,Female,1
U00312,30,21-30,Female,1
U00313,29,21-30,Female,1
U00314,19,15-20,Female,1
U00315,31,31-40,Female,1
U00316,19,15-20,Female,1
U00317,19,15-20,Male,0
U00318,20,15-20,Male,0
U00319,15,15-20,Female,1
U00320,29,21-30,Male,0
U00321,28,21-30,Male,0
U00322,23,21-30,Male,0
U00323,21,21-30,Female,1
U00324,16,15-20,Male,0
U00325,26,21-30,Male,0
U00326,25,21-30,Female,1
U00327,31,31-40,Female,1
U00328,29,21-30,Female,1
U00329,20,15-20,Female,1
U00330,15,15-20,Female,1
U00331,17,15-20,Male,0
U00332,25,21-30,Male,0
U00333,26,21-30,Female,1
U00334,24,21-30,Female,1
U00335,33,31-40,Female,1
U00336,19,15-20,Male,0
U00337,29,21-30,Female,1
U00338,23,21-30,Female,1
U00339,29,21-30,Male,0
U00340,30,21-30,Male,0
U00341,24,21-30,Male,0
U00342,26,21-30,Female,1
U00343,31,31-40,Male,0
U00344,17,15-20,Male,0
U00345,16,15-20,Male,0
U00346,33,31-40,Female,1
U00347,32,31-40,Female,1
U00348,30,21-30,Female,1
U00349,28,21-30,Male,0
U00350,17,15-20,Male,0
U00351,18,15-20,Female,1
U00352,28,21-30,Male,0
U00353,34,31-40,Female,1
U00354,35,31-40,Male,0
U00355,15,15-20,Female,1
U00356,21,21-30,Female,1
U00357,15,15-20,Female,1
U00358,19,15-20,Male,0
U00359,29,21-30,Female,1
U00360,32,31-40,Male,0
U00361,18,15-20,Female,1
U00362,16,15-20,Male,0
U00363,32,31-40,Female,1
U00364,34,31-40,Male,0
U00365,30,21-30,Female,1
U00366,28,21-30,Male,0
U00367,21,21-30,Male,0
U00368,26,21-30,Male,0
U00369,19,15-20,Male,0
U00370,17,15-20,Male,0
U00371,17,15-20,Female,1
U00372,23,21-30,Male,0
U00373,26,21-30,Female,1
U00374,28,21-30,Female,1
U00375,34,31-40,Female,1
U00376,29,21-30,Male,0
U00377,21,21-30,Female,1
U00378,21,21-30,Female,1
U00379,20,15-20,Male,0
U00380,23,21-30,Female,1
U00381,32,31-40,Male,0
U00382,25,21-30,Male,0
U00383,29,21-30,Female,1
U00384,32,31-40,Female,1
U00385,20,15-20,Male,0
U00386,29,21-30,Female,1
U00387,29,21-30,Female,1
U00388,18,15-20,Male,0
U00389,27,21-30,Female,1
U00390,18,15-20,Female,1
U00391,19,15-20,Female,1
U00392,19,15-20,Female,1
U00393,30,21-30,Male,0
U00394,30,21-30,Female,1
U00395,22,21-30,Female,1
U00396,30,21-30,Male,0
U00397,16,15-20,Male,0
U00398,27,21-30,Female,1
U00399,31,31-40,Female,1
U00400,23,21-30,Male,0
U00401,21,21-30,Female,1
U00402,23,21-30,Male,0
U00403,34,31-40,Female,1
U00404,21,21-30,Female,1
U00405,24,21-30,Male,0
U00406,33,31-40,Male,0
U00407,23,21-30,Male,0
U00408,19,15-20,Female,1
U00409,35,31-40,Male,0
U00410,33,31-40,Male,0
U00411,17,15-20,Female,1
U00412,24,21-30,Female,1
U00413,23,21-30,Male,0
U00414,25,21-30,Male,0
U00415,31,31-40,Female,1
U00416,17,15-20,Female,1
U00417,32,31-40,Female,1
U00418,23,21-30,Female,1
U00419,21,21-30,Female,1
U00420,24,21-30,Female,1
U00421,32,31-40,Male,0
U00422,15,15-20,Female,1
U00423,27,21-30,Female,1
U00424,35,31-40,Male,0
U00425,19,15-20,Male,0
U00426,21,21-30,Male,0
U00427,29,21-30,Female,1
U00428,23,21-30,Male,0
U00429,23,21-30,Female,1
U00430,27,21-30,Male,0
U00431,15,15-20,Female,1
U00432,31,31-40,Male,0
U00433,32,31-40,Female,1
U00434,22,21-30,Male,0
U00435,34,31-40,Female,1
U00436,20,15-20,Female,1
U00437,28,21-30,Male,0
U00438,21,21-30,Male,0
U00439,31,31-40,Female,1
U00440,20,15-20,Female,1
U00441,19,15-20,Male,0
U00442,21,21-30,Female,1
U00443,21,21-30,Female,1
U00444,15,15-20,Female,1
U00445,31,31-40,Female,1
U00446,19,15-20,Female,1
U00447,23,21-30,Male,0
U00448,27,21-30,Male,0
U00449,33,31-40,Female,1
U00450,20,15-20,Male,0
U00451,20,15-20,Male,0
U00452,23,21-30,Male,0
U00453,20,15-20,Male,0
U00454,28,21-30,Female,1
U00455,19,15-20,Male,0
U00456,24,21-30,Female,1
U00457,34,31-40,Female,1
U00458,31,31-40,Female,1
U00459,22,21-30,Male,0
U00460,24,21-30,Female,1
U00461,21,21-30,Female,1
U00462,30,21-30,Male,0
U00463,18,15-20,Female,1
U00464,25,21-30,Male,0
U00465,26,21-30,Male,0
U00466,32,31-40,Female,1
U00467,34,31-40,Male,0
U00468,19,15-20,Female,1
U00469,20,15-20,Female,1
U00470,18,15-20,Female,1
U00471,31,31-40,Female,1
U00472,22,21-30,Female,1
U00473,32,31-40,Female,1
U00474,31,31-40,Male,0
U00475,24,21-30,Male,0
U00476,29,21-30,Female,1
U00477,19,15-20,Male,0
U00478,30,21-30,Male,0
U00479,33,31-40,Male,0
U00480,20,15-20,Female,1
U00481,32,31-40,Female,1
U00482,33,31-40,Female,1
U00483,22,21-30,Male,0
U00484,16,15-20,Male,0
U00485,29,21-30,Female,1
U00486,21,21-30,Female,1
U00487,15,15-20,Female,1
U00488,20,15-20,Male,0
U00489,18,15-20,Male,0
U00490,33,31-40,Male,0
U00491,20,15-20,Male,0
U00492,20,15-20,Female,1
U00493,30,21-30,Male,0
U00494,26,21-30,Male,0
U00495,35,31-40,Female,1
U00496,29,21-30,Female,1
U00497,21,21-30,Female,1
U00498,20,15-20,Female,1
U00499,21,21-30,Male,0
U00500,16,15-20,Female,1
U00501,26,21-30,Female,1
U00502,22,21-30,Female,1
U00503,15,15-20,Male,0
U00504,16,15-20,Male,0
U00505,17,15-20,Male,0
U00506,33,31-40,Female,1
U00507,15,15-20,Male,0
U00508,28,21-30,Female,1
U00509,20,15-20,Female,1
U00510,15,15-20,Male,0
U00511,28,21-30,Male,0
U00512,22,21-30,Male,0
U00513,25,21-30,Male,0
U00514,30,21-30,Female,1
U00515,19,15-20,Female,1
U00516,33,31-40,Female,1
U00517,22,21-30,Female,1
U00518,20,15-20,Female,1
U00519,27,21-30,Female,1
U00520,29,21-30,Male,0
U00521,26,21-30,Female,1
U00522,21,21-30,Male,0
U00523,31,31-40,Male,0
U00524,24,21-30,Male,0
U00525,31,31-40,Male,0
U00526,24,21-30,Male,0
U00527,18,15-20,Male,0
U00528,26,21-30,Female,1
U00529,25,21-30,Male,0
U00530,35,31-40,Female,1
U00531,24,21-30,Male,0
U00532,15,15-20,Female,1
U00533,29,21-30,Male,0
U00534,27,21-30,Female,1
U00535,23,21-30,Male,0
U00536,35,31-40,Female,1
U00537,25,21-30,Female,1
U00538,20,15-20,Male,0
U00539,25,21-30,Male,0
U00540,15,15-20,Male,0
U00541,19,15-20,Male,0
U00542,32,31-40,Male,0
U00543,18,15-20,Female,1
U00544,30,21-30,Male,0
U00545,18,15-20,Female,1
U00546,25,21-30,Male,0
U00547,19,15-20,Female,1
U00548,32,31-40,Female,1
U00549,17,15-20,Female,1
U00550,17,15-20,Male,0
U00551,35,31-40,Male,0
U00552,30,21-30,Female,1
U00553,15,15-20,Male,0
U00554,18,15-20,Male,0
U00555,17,15-20,Female,1
U00556,25,21-30,Female,1
U00557,31,31-40,Male,0
U00558,32,31-40,Male,0
U00559,20,15-20,Male,0
U00560,32,31-40,Male,0
U00561,33,31-40,Male,0
U00562,23,21-30,Female,1
U00563,31,31-40,Female,1
U00564,15,15-20,Male,0
U00565,28,21-30,Male,0
U00566,31,31-40,Male,0
U00567,20,15-20,Male,0
U00568,16,15-20,Female,1
U00569,15,15-20,Female,1
U00570,27,21-30,Male,0
U00571,22,21-30,Female,1
U00572,32,31-40,Male,0
U00573,30,21-30,Male,0
U00574,33,31-40,Female,1
U00575,35,31-40,Male,0
U00576,16,15-20,Male,0
U00577,17,15-20,Female,1
U00578,26,21-30,Male,0
U00579,34,31-40,Male,0
U00580,24,21-30,Female,1
U00581,32,31-40,Female,1
U00582,26,21-30,Male,0
U00583,21,21-30,Female,1
U00584,31,31-40,Female,1
U00585,19,15-20,Female,1
U00586,21,21-30,Male,0
U00587,22,21-30,Female,1
U00588,24,21-30,Male,0
U00589,19,15-20,Female,1
U00590,19,15-20,Male,0
U00591,35,31-40,Male,0
U00592,18,15-20,Female,1
U00593,23,21-30,Male,0
U00594,20,15-20,Male,0
U00595,29,21-30,Male,0
U00596,26,21-30,Male,0
U00597,28,21-30,Female,1
U00598,28,21-30,Male,0
U00599,33,31-40,Male,0
U00600,21,21-30,Male,0
U00601,24,21-30,Male,0
U00602,25,21-30,Female,1
U00603,35,31-40,Male,0
U00604,30,21-30,Female,1
U00605,30,21-30,Female,1
U00606,33,31-40,Female,1
U00607,30,21-30,Male,0
U00608,31,31-40,Male,0
U00609,33,31-40,Female,1
U00610,19,15-20,Male,0
U00611,30,21-30,Male,0
U00612,23,21-30,Male,0
U00613,24,21-30,Male,0
U00614,23,21-30,Female,1
U00615,20,15-20,Male,0
U00616,19,15-20,Female,1
U00617,18,15-20,Female,1
U00618,22,21-30,Male,0
U00619,32,31-40,Female,1
U00620,30,21-30,Male,0
U00621,20,15-20,Male,0
U00622,28,21-30,Female,1
U00623,23,21-30,Female,1
U00624,34,31-40,Female,1
U00625,28,21-30,Male,0
U00626,19,15-20,Male,0
U00627,34,31-40,Female,1
U00628,32,31-40,Female,1
U00629,20,15-20,Female,1
U00630,17,15-20,Male,0
U00631,20,15-20,Male,0
U00632,26,21-30,Female,1
U00633,35,31-40,Female,1
U00634,15,15-20,Female,1
U00635,26,21-30,Female,1
U00636,21,21-30,Female,1
U00637,22,21-30,Female,1
U00638,19,15-20,Female,1
U00639,33,31-40,Female,1
U00640,31,31-40,Male,0
U00641,32,31-40,Male,0
U00642,17,15-20,Male,0
U00643,20,15-20,Female,1
U00644,20,15-20,Female,1
U00645,23,21-30,Female,1
U00646,29,21-30,Female,1
U00647,26,21-30,Female,1
U00648,19,15-20,Male,0
U00649,32,31-40,Male,0
U00650,26,21-30,Female,1
U00651,29,21-30,Male,0
U00652,16,15-20,Female,1
U00653,15,15-20,Male,0
U00654,24,21-30,Male,0
U00655,33,31-40,Female,1
U00656,31,31-40,Male,0
U00657,23,21-30,Male,0
U00658,23,21-30,Female,1
U00659,33,31-40,Male,0
U00660,22,21-30,Male,0
U00661,23,21-30,Female,1
U00662,30,21-30,Female,1
U00663,35,31-40,Male,0
U00664,17,15-20,Male,0
U00665,35,31-40,Male,0
U00666,30,21-30,Female,1
U00667,18,15-20,Female,1
U00668,34,31-40,Female,1
U00669,20,15-20,Female,1
U00670,17,15-20,Male,0
U00671,18,15-20,Female,1
U00672,15,15-20,Male,0
U00673,24,21-30,Female,1
U00674,21,21-30,Male,0
U00675,20,15-20,Female,1
U00676,32,31-40,Male,0
U00677,35,31-40,Female,1
U00678,33,31-40,Female,1
U00679,28,21-30,Male,0
U00680,35,31-40,Female,1
U00681,32,31-40,Male,0
U00682,33,31-40,Male,0
U00683,20,15-20,Female,1
U00684,28,21-30,Female,1
U00685,29,21-30,Female,1
U00686,35,31-40,Female,1
U00687,29,21-30,Female,1
U00688,30,21-30,Female,1
U00689,19,15-20,Female,1
U00690,29,21-30,Female,1
U00691,16,15-20,Female,1
U00692,27,21-30,Male,0
U00693,35,31-40,Female,1
U00694,33,31-40,Female,1
U00695,31,31-40,Female,1
U00696,25,21-30,Male,0
U00697,32,31-40,Female,1
U00698,32,31-40,Female,1
U00699,20,15-20,Male,0
U00700,25,21-30,Male,0
U00701,32,31-40,Male,0
U00702,22,21-30,Female,1
U00703,32,31-40,Female,1
U00704,30,21-30,Male,0
U00705,15,15-20,Male,0
U00706,21,21-30,Male,0
U00707,29,21-30,Male,0
U00708,29,21-30,Female,1
U00709,23,21-30,Female,1
U00710,19,15-20,Male,0
U00711,27,21-30,Male,0
U00712,27,21-30,Female,1
U00713,17,15-20,Female,1
U00714,25,21-30,Male,0
U00715,25,21-30,Female,1
U00716,29,21-30,Male,0
U00717,34,31-40,Female,1
U00718,27,21-30,Female,1
U00719,25,21-30,Female,1
U00720,17,15-20,Female,1
U00721,20,15-20,Female,1
U00722,16,15-20,Female,1
U00723,35,31-40,Male,0
U00724,16,15-20,Female,1
U00725,28,21-30,Female,1
U00726,26,21-30,Female,1
U00727,33,31-40,Female,1
U00728,17,15-20,Male,0
U00729,30,21-30,Male,0
U00730,30,21-30,Male,0
U00731,16,15-20,Male,0
U00732,22,21-30,Male,0
U00733,28,21-30,Female,1
U00734,20,15-20,Male,0
U00735,17,15-20,Male,0
U00736,19,15-20,Female,1
U00737,18,15-20,Male,0
U00738,29,21-30,Female,1
U00739,25,21-30,Female,1
U00740,34,31-40,Female,1
U00741,33,31-40,Female,1
U00742,29,21-30,Male,0
U00743,19,15-20,Male,0
U00744,15,15-20,Male,0
U00745,29,21-30,Female,1
U00746,28,21-30,Male,0
U00747,28,21-30,Female,1
U00748,30,21-30,Female,1
U00749,18,15-20,Male,0
U00750,23,21-30,Female,1
U00751,19,15-20,Male,0
U00752,30,21-30,Male,0
U00753,28,21-30,Male,0
U00754,33,31-40,Male,0
U00755,31,31-40,Male,0
U00756,33,31-40,Female,1
U00757,22,21-30,Female,1
U00758,16,15-20,Male,0
U00759,22,21-30,Male,0
U00760,21,21-30,Female,1
U00761,31,31-40,Male,0
U00762,22,21-30,Female,1
U00763,16,15-20,Male,0
U00764,18,15-20,Male,0
U00765,31,31-40,Female,1
U00766,31,31-40,Female,1
U00767,16,15-20,Female,1
U00768,19,15-20,Male,0
U00769,16,15-20,Female,1
U00770,29,21-30,Male,0
U00771,18,15-20,Male,0
U00772,24,21-30,Female,1
U00773,25,21-30,Female,1
U00774,27,21-30,Male,0
U00775,29,21-30,Female,1
U00776,26,21-30,Female,1
U00777,29,21-30,Male,0
U00778,33,31-40,Male,0
U00779,24,21-30,Female,1
U00780,32,31-40,Female,1
U00781,18,15-20,Female,1
U00782,25,21-30,Male,0
U00783,35,31-40,Female,1
U00784,22,21-30,Female,1
U00785,17,15-20,Female,1
U00786,32,31-40,Female,1
U00787,29,21-30,Female,1
U00788,24,21-30,Male,0
U00789,17,15-20,Female,1
U00790,16,15-20,Female,1
U00791,34,31-40,Female,1
U00792,20,15-20,Male,0
U00793,19,15-20,Male,0
U00794,23,21-30,Female,1
U00795,34,31-40,Female,1
U00796,22,21-30,Female,1
U00797,20,15-20,Male,0
U00798,19,15-20,Female,1
U00799,26,21-30,Female,1
U00800,29,21-30,Female,1
U00801,32,31-40,Female,1
U00802,31,31-40,Male,0
U00803,26,21-30,Male,0
U00804,24,21-30,Female,1
U00805,18,15-20,Female,1
U00806,27,21-30,Male,0
U00807,35,31-40,Female,1
U00808,27,21-30,Female,1
U00809,24,21-30,Male,0
U00810,28,21-30,Male,0
U00811,25,21-30,Female,1
U00812,24,21-30,Female,1
U00813,33,31-40,Male,0
U00814,21,21-30,Female,1
U00815,17,15-20,Male,0
U00816,34,31-40,Male,0
U00817,35,31-40,Female,1
U00818,20,15-20,Female,1
U00819,28,21-30,Female,1
U00820,31,31-40,Female,1
U00821,23,21-30,Male,0
U00822,35,31-40,Female,1
U00823,22,21-30,Male,0
U00824,27,21-30,Male,0
U00825,26,21-30,Male,0
U00826,16,15-20,Male,0
U00827,26,21-30,Female,1
U00828,25,21-30,Male,0
U00829,22,21-30,Male,0
U00830,26,21-30,Female,1
U00831,18,15-20,Male,0
U00832,20,15-20,Female,1
U00833,32,31-40,Female,1
U00834,30,21-30,Male,0
U00835,33,31-40,Female,1
U00836,29,21-30,Female,1
U00837,28,21-30,Male,0
U00838,25,21-30,Female,1
U00839,33,31-40,Male,0
U00840,18,15-20,Male,0
U00841,29,21-30,Female,1
U00842,21,21-30,Female,1
U00843,21,21-30,Male,0
U00844,26,21-30,Male,0
U00845,25,21-30,Female,1
U00846,16,15-20,Male,0
U00847,23,21-30,Male,0
U00848,28,21-30,Male,0
U00849,20,15-20,Male,0
U00850,26,21-30,Male,0
U00851,21,21-30,Male,0
U00852,23,21-30,Male,0
U00853,24,21-30,Male,0
U00854,28,21-30,Male,0
U00855,15,15-20,Female,1
U00856,21,21-30,Female,1
U00857,15,15-20,Male,0
U00858,20,15-20,Male,0
U00859,22,21-30,Male,0
U00860,23,21-30,Female,1
U00861,22,21-30,Female,1
U00862,18,15-20,Female,1
U00863,23,21-30,Female,1
U00864,22,21-30,Female,1
U00865,27,21-30,Male,0
U00866,30,21-30,Male,0
U00867,30,21-30,Male,0
U00868,16,15-20,Female,1
U00869,19,15-20,Male,0
U00870,22,21-30,Male,0
U00871,26,21-30,Male,0
U00872,27,21-30,Male,0
U00873,28,21-30,Male,0
U00874,25,21-30,Male,0
U00875,23,21-30,Male,0
U00876,27,21-30,Male,0
U00877,35,31-40,Male,0
U00878,31,31-40,Male,0
U00879,18,15-20,Female,1
U00880,15,15-20,Male,0
U00881,34,31-40,Female,1
U00882,34,31-40,Female,1
U00883,27,21-30,Female,1
U00884,19,15-20,Male,0
U00885,28,21-30,Female,1
U00886,22,21-30,Female,1
U00887,17,15-20,Male,0
U00888,15,15-20,Male,0
U00889,31,31-40,Female,1
U00890,31,31-40,Female,1
U00891,28,21-30,Female,1
U00892,35,31-40,Male,0
U00893,15,15-20,Male,0
U00894,28,21-30,Female,1
U00895,15,15-20,Male,0
U00896,29,21-30,Female,1
U00897,20,15-20,Male,0
U00898,24,21-30,Female,1
U00899,19,15-20,Male,0
U00900,26,21-30,Female,1
U00901,23,21-30,Female,1
U00902,29,21-30,Male,0
U00903,29,21-30,Female,1
U00904,16,15-20,Female,1
U00905,15,15-20,Male,0
U00906,34,31-40,Female,1
U00907,23,21-30,Female,1
U00908,16,15-20,Female,1
U00909,35,31-40,Female,1
U00910,20,15-20,Female,1
U00911,15,15-20,Female,1
U00912,28,21-30,Male,0
U00913,35,31-40,Female,1
U00914,22,21-30,Male,0
U00915,24,21-30,Female,1
U00916,20,15-20,Male,0
U00917,28,21-30,Female,1
U00918,35,31-40,Male,0
U00919,28,21-30,Male,0
U00920,18,15-20,Female,1
U00921,26,21-30,Male,0
U00922,31,31-40,Female,1
U00923,29,21-30,Female,1
U00924,34,31-40,Male,0
U00925,31,31-40,Male,0
U00926,32,31-40,Male,0
U00927,26,21-30,Male,0
U00928,33,31-40,Female,1
U00929,25,21-30,Female,1
U00930,34,31-40,Male,0
U00931,31,31-40,Male,0
U00932,21,21-30,Male,0
U00933,27,21-30,Female,1
U00934,15,15-20,Female,1
U00935,16,15-20,Female,1
U00936,30,21-30,Female,1
U00937,35,31-40,Male,0
U00938,30,21-30,Male,0
U00939,18,15-20,Male,0
U00940,15,15-20,Female,1
U00941,20,15-20,Female,1
U00942,21,21-30,Male,0
U00943,21,21-30,Female,1
U00944,28,21-30,Female,1
U00945,27,21-30,Female,1
U00946,20,15-20,Female,1
U00947,31,31-40,Female,1
U00948,34,31-40,Male,0
U00949,16,15-20,Male,0
U00950,33,31-40,Female,1
U00951,15,15-20,Male,0
U00952,22,21-30,Female,1
U00953,31,31-40,Male,0
U00954,21,21-30,Female,1
U00955,35,31-40,Female,1
U00956,21,21-30,Female,1
U00957,22,21-30,Male,0
U00958,28,21-30,Female,1
U00959,22,21-30,Male,0
U00960,17,15-20,Male,0
U00961,31,31-40,Male,0
U00962,20,15-20,Male,0
U00963,20,15-20,Female,1
U00964,16,15-20,Female,1
U00965,34,31-40,Female,1
U00966,23,21-30,Female,1
U00967,15,15-20,Male,0
U00968,21,21-30,Male,0
U00969,29,21-30,Male,0
U00970,18,15-20,Male,0
U00971,19,15-20,Female,1
U00972,27,21-30,Female,1
U00973,22,21-30,Male,0
U00974,31,31-40,Male,0
U00975,35,31-40,Female,1
U00976,30,21-30,Male,0
U00977,33,31-40,Female,1
U00978,18,15-20,Male,0
U00979,16,15-20,Female,1
U00980,17,15-20,Male,0
U00981,34,31-40,Male,0
U00982,27,21-30,Female,1
U00983,26,21-30,Female,1
U00984,27,21-30,Male,0
U00985,21,21-30,Male,0
U00986,25,21-30,Male,0
U00987,27,21-30,Female,1
U00988,21,21-30,Female,1
U00989,26,21-30,Male,0
U00990,20,15-20,Male,0
U00991,30,21-30,Male,0
U00992,22,21-30,Female,1
U00993,17,15-20,Male,0
U00994,29,21-30,Female,1
U00995,27,21-30,Female,1
U00996,24,21-30,Male,0
U00997,34,31-40,Female,1
U00998,18,15-20,Male,0
U00999,33,31-40,Female,1
U01000,16,15-20,Female,1
U01001,18,15-20,Male,0
U01002,19,15-20,Male,0
U01003,35,31-40,Male,0
U01004,16,15-20,Female,1
U01005,19,15-20,Male,0
U01006,19,15-20,Male,0
U01007,30,21-30,Male,0
U01008,18,15-20,Male,0
U01009,15,15-20,Female,1
U01010,35,31-40,Female,1
U01011,18,15-20,Male,0
U01012,35,31-40,Female,1
U01013,22,21-30,Male,0
U01014,17,15-20,Male,0
U01015,29,21-30,Male,0
U01016,27,21-30,Female,1
U01017,21,21-30,Female,1
U01018,23,21-30,Female,1
U01019,27,21-30,Male,0
U01020,28,21-30,Male,0
U01021,29,21-30,Female,1
U01022,17,15-20,Male,0
U01023,18,15-20,Male,0
U01024,17,15-20,Female,1
U01025,34,31-40,Male,0
U01026,33,31-40,Female,1
U01027,32,31-40,Male,0
U01028,23,21-30,Female,1
U01029,15,15-20,Male,0
U01030,23,21-30,Female,1
U01031,15,15-20,Male,0
U01032,16,15-20,Male,0
U01033,30,21-30,Male,0
U01034,18,15-20,Female,1
U01035,33,31-40,Male,0
U01036,35,31-40,Male,0
U01037,32,31-40,Female,1
U01038,33,31-40,Male,0
U01039,21,21-30,Female,1
U01040,21,21-30,Female,1
U01041,23,21-30,Female,1
U01042,26,21-30,Male,0
U01043,19,15-20,Female,1
U01044,31,31-40,Female,1
U01045,32,31-40,Female,1
U01046,28,21-30,Female,1
U01047,29,21-30,Female,1
U01048,16,15-20,Female,1
U01049,34,31-40,Male,0
U01050,25,21-30,Female,1
U01051,18,15-20,Female,1
U01052,22,21-30,Female,1
U01053,26,21-30,Female,1
U01054,20,15-20,Female,1
U01055,22,21-30,Female,1
U01056,15,15-20,Male,0
U01057,33,31-40,Male,0
U01058,34,31-40,Female,1
U01059,30,21-30,Male,0
U01060,34,31-40,Female,1
U01061,22,21-30,Female,1
U01062,22,21-30,Female,1
U01063,31,31-40,Female,1
U01064,26,21-30,Female,1
U01065,15,15-20,Male,0
U01066,19,15-20,Female,1
U01067,17,15-20,Male,0
U01068,32,31-40,Female,1
U01069,35,31-40,Male,0
U01070,32,31-40,Male,0
U01071,19,15-20,Female,1
U01072,32,31-40,Male,0
U01073,23,21-30,Male,0
U01074,26,21-30,Female,1
U01075,17,15-20,Male,0
U01076,20,15-20,Male,0
U01077,24,21-30,Female,1
U01078,27,21-30,Male,0
U01079,21,21-30,Male,0
U01080,30,21-30,Female,1
U01081,26,21-30,Female,1
U01082,25,21-30,Male,0
U01083,29,21-30,Male,0
U01084,24,21-30,Male,0
U01085,26,21-30,Female,1
U01086,29,21-30,Female,1
U01087,19,15-20,Male,0
U01088,21,21-30,Male,0
U01089,17,15-20,Female,1
U01090,25,21-30,Female,1
U01091,29,21-30,Female,1
U01092,34,31-40,Female,1
U01093,23,21-30,Female,1
U01094,30,21-30,Male,0
U01095,21,21-30,Female,1
U01096,18,15-20,Male,0
U01097,29,21-30,Female,1
U01098,17,15-20,Female,1
U01099,35,31-40,Female,1
U01100,24,21-30,Female,1
U01101,33,31-40,Male,0
U01102,23,21-30,Female,1
U01103,22,21-30,Male,0
U01104,29,21-30,Male,0
U01105,27,21-30,Male,0
U01106,31,31-40,Male,0
U01107,30,21-30,Female,1
U01108,16,15-20,Male,0
U01109,24,21-30,Female,1
U01110,23,21-30,Female,1
U01111,31,31-40,Male,0
U01112,24,21-30,Female,1
U01113,22,21-30,Female,1
U01114,32,31-40,Male,0
U01115,18,15-20,Male,0
U01116,21,21-30,Female,1
U01117,23,21-30,Female,1
U01118,31,31-40,Male,0
U01119,17,15-20,Female,1
U01120,35,31-40,Female,1
U01121,20,15-20,Male,0
U01122,29,21-30,Female,1
U01123,29,21-30,Female,1
U01124,30,21-30,Female,1
U01125,32,31-40,Female,1
U01126,15,15-20,Male,0
U01127,28,21-30,Female,1
U01128,31,31-40,Female,1
U01129,28,21-30,Female,1
U01130,28,21-30,Male,0
U01131,25,21-30,Male,0
U01132,27,21-30,Female,1
U01133,35,31-40,Female,1
U01134,19,15-20,Female,1
U01135,22,21-30,Male,0
U01136,35,31-40,Male,0
U01137,28,21-30,Female,1
U01138,22,21-30,Female,1
U01139,22,21-30,Female,1
U01140,29,21-30,Female,1
U01141,17,15-20,Female,1
U01142,27,21-30,Male,0
U01143,31,31-40,Male,0
U01144,29,21-30,Female,1
U01145,15,15-20,Female,1
U01146,15,15-20,Male,0
U01147,15,15-20,Male,0
U01148,28,21-30,Male,0
U01149,26,21-30,Female,1
U01150,20,15-20,Male,0
U01151,28,21-30,Female,1
U01152,34,31-40,Male,0
U01153,15,15-20,Female,1
U01154,24,21-30,Male,0
U01155,32,31-40,Female,1
U01156,30,21-30,Male,0
U01157,31,31-40,Female,1
U01158,35,31-40,Male,0
U01159,26,21-30,Female,1
U01160,15,15-20,Female,1
U01161,33,31-40,Male,0
U01162,19,15-20,Female,1
U01163,24,21-30,Male,0
U01164,25,21-30,Female,1
U01165,24,21-30,Male,0
U01166,21,21-30,Male,0
U01167,16,15-20,Female,1
U01168,27,21-30,Female,1
U01169,31,31-40,Female,1
U01170,27,21-30,Female,1
U01171,19,15-20,Male,0
U01172,30,21-30,Male,0
U01173,26,21-30,Female,1
U01174,15,15-20,Female,1
U01175,20,15-20,Female,1
U01176,20,15-20,Male,0
U01177,16,15-20,Male,0
U01178,21,21-30,Female,1
U01179,31,31-40,Female,1
U01180,18,15-20,Male,0
U01181,27,21-30,Female,1
U01182,25,21-30,Female,1
U01183,21,21-30,Female,1
U01184,31,31-40,Male,0
U01185,28,21-30,Male,0
U01186,34,31-40,Male,0
U01187,35,31-40,Female,1
U01188,24,21-30,Male,0
U01189,28,21-30,Male,0
U01190,31,31-40,Male,0
U01191,28,21-30,Female,1
U01192,20,15-20,Female,1
U01193,20,15-20,Female,1
U01194,32,31-40,Female,1
U01195,23,21-30,Male,0
U01196,21,21-30,Female,1
U01197,28,21-30,Male,0
U01198,33,31-40,Female,1
U01199,17,15-20,Female,1
U01200,15,15-20,Female,1
U01201,28,21-30,Male,0
U01202,29,21-30,Female,1
U01203,15,15-20,Male,0
U01204,17,15-20,Female,1
U01205,27,21-30,Male,0
U01206,15,15-20,Female,1
U01207,30,21-30,Female,1
U01208,27,21-30,Female,1
U01209,20,15-20,Male,0
U01210,22,21-30,Female,1
U01211,32,31-40,Female,1
U01212,18,15-20,Female,1
U01213,20,15-20,Female,1
U01214,31,31-40,Female,1
U01215,15,15-20,Female,1
U01216,15,15-20,Male,0
U01217,25,21-30,Female,1
U01218,34,31-40,Male,0
U01219,16,15-20,Male,0
U01220,29,21-30,Female,1
U01221,32,31-40,Male,0
U01222,19,15-20,Female,1
U01223,23,21-30,Female,1
U01224,23,21-30,Female,1
U01225,30,21-30,Female,1
U01226,31,31-40,Female,1
U01227,15,15-20,Male,0
U01228,28,21-30,Male,0
U01229,27,21-30,Female,1
U01230,23,21-30,Female,1
U01231,21,21-30,Female,1
U01232,27,21-30,Female,1
U01233,28,21-30,Male,0
U01234,27,21-30,Male,0
U01235,27,21-30,Female,1
U01236,20,15-20,Female,1
U01237,24,21-30,Male,0
U01238,35,31-40,Male,0
U01239,20,15-20,Male,0
U01240,16,15-20,Male,0
U01241,25,21-30,Male,0
U01242,22,21-30,Male,0
U01243,31,31-40,Female,1
U01244,30,21-30,Female,1
U01245,35,31-40,Male,0
U01246,27,21-30,Male,0
U01247,19,15-20,Male,0
U01248,16,15-20,Male,0
U01249,25,21-30,Male,0
U01250,27,21-30,Female,1
U01251,29,21-30,Male,0
U01252,19,15-20,Female,1
U01253,17,15-20,Male,0
U01254,23,21-30,Male,0
U01255,29,21-30,Female,1
U01256,32,31-40,Male,0
U01257,29,21-30,Female,1
U01258,25,21-30,Male,0
U01259,18,15-20,Female,1
U01260,31,31-40,Female,1
U01261,25,21-30,Male,0
U01262,29,21-30,Female,1
U01263,17,15-20,Female,1
U01264,15,15-20,Male,0
U01265,23,21-30,Male,0
U01266,18,15-20,Female,1
U01267,30,21-30,Female,1
U01268,33,31-40,Male,0
U01269,25,21-30,Female,1
U01270,19,15-20,Male,0
U01271,23,21-30,Female,1
U01272,16,15-20,Female,1
U01273,31,31-40,Female,1
U01274,32,31-40,Female,1
U01275,35,31-40,Male,0
U01276,27,21-30,Female,1
U01277,26,21-30,Female,1
U01278,16,15-20,Female,1
U01279,29,21-30,Female,1
U01280,26,21-30,Female,1
U01281,23,21-30,Female,1
U01282,26,21-30,Male,0
U01283,15,15-20,Male,0
U01284,34,31-40,Female,1
U01285,35,31-40,Female,1
U01286,27,21-30,Male,0
U01287,33,31-40,Female,1
U01288,18,15-20,Male,0
U01289,35,31-40,Female,1
U01290,16,15-20,Male,0
U01291,34,31-40,Female,1
U01292,29,21-30,Male,0
U01293,33,31-40,Male,0
U01294,30,21-30,Male,0
U01295,34,31-40,Female,1
U01296,21,21-30,Female,1
U01297,27,21-30,Male,0
U01298,22,21-30,Female,1
U01299,28,21-30,Female,1
U01300,19,15-20,Male,0
U01301,27,21-30,Male,0
U01302,19,15-20,Female,1
U01303,23,21-30,Female,1
U01304,33,31-40,Female,1
U01305,22,21-30,Female,1
U01306,22,21-30,Male,0
U01307,16,15-20,Female,1
U01308,23,21-30,Male,0
U01309,35,31-40,Male,0
U01310,21,21-30,Female,1
U01311,27,21-30,Male,0
U01312,16,15-20,Male,0
U01313,31,31-40,Male,0
U01314,26,21-30,Female,1
U01315,33,31-40,Male,0
U01316,31,31-40,Female,1
U01317,32,31-40,Female,1
U01318,18,15-20,Female,1
U01319,25,21-30,Male,0
U01320,20,15-20,Male,0
U01321,35,31-40,Male,0
U01322,26,21-30,Female,1
U01323,15,15-20,Male,0
U01324,24,21-30,Male,0
U01325,18,15-20,Female,1
U01326,15,15-20,Female,1
U01327,23,21-30,Male,0
U01328,27,21-30,Male,0
U01329,15,15-20,Female,1
U01330,20,15-20,Female,1
U01331,16,15-20,Male,0
U01332,20,15-20,Male,0
U01333,15,15-20,Male,0
U01334,35,31-40,Female,1
U01335,16,15-20,Female,1
U01336,33,31-40,Male,0
U01337,32,31-40,Female,1
U01338,15,15-20,Male,0
U01339,35,31-40,Male,0
U01340,32,31-40,Female,1
U01341,29,21-30,Male,0
U01342,25,21-30,Male,0
U01343,32,31-40,Male,0
U01344,25,21-30,Female,1
U01345,19,15-20,Male,0
U01346,16,15-20,Male,0
U01347,20,15-20,Male,0
U01348,29,21-30,Female,1
U01349,26,21-30,Male,0
U01350,16,15-20,Female,1
U01351,16,15-20,Male,0
U01352,25,21-30,Male,0
U01353,20,15-20,Female,1
U01354,15,15-20,Male,0
U01355,28,21-30,Female,1
U01356,26,21-30,Female,1
U01357,28,21-30,Female,1
U01358,31,31-40,Male,0
U01359,18,15-20,Female,1
U01360,22,21-30,Female,1
U01361,31,31-40,Male,0
U01362,26,21-30,Male,0
U01363,25,21-30,Male,0
U01364,16,15-20,Female,1
U01365,25,21-30,Male,0
U01366,29,21-30,Female,1
U01367,22,21-30,Male,0
U01368,24,21-30,Female,1
U01369,21,21-30,Male,0
U01370,21,21-30,Female,1
U01371,22,21-30,Male,0
U01372,19,15-20,Female,1
U01373,24,21-30,Male,0
U01374,32,31-40,Female,1
U01375,22,21-30,Male,0
U01376,28,21-30,Male,0
U01377,16,15-20,Male,0
U01378,35,31-40,Male,0
U01379,22,21-30,Male,0
U01380,26,21-30,Male,0
U01381,15,15-20,Male,0
U01382,22,21-30,Female,1
U01383,32,31-40,Male,0
U01384,23,21-30,Female,1
U01385,33,31-40,Female,1
U01386,16,15-20,Male,0
U01387,21,21-30,Female,1
U01388,27,21-30,Male,0
U01389,30,21-30,Male,0
U01390,33,31-40,Female,1
U01391,30,21-30,Male,0
U01392,29,21-30,Female,1
U01393,30,21-30,Male,0
U01394,26,21-30,Female,1
U01395,31,31-40,Male,0
U01396,17,15-20,Female,1
U01397,28,21-30,Male,0
U01398,23,21-30,Female,1
U01399,20,15-20,Male,0
U01400,21,21-30,Female,1
U01401,19,15-20,Female,1
U01402,19,15-20,Female,1
U01403,27,21-30,Male,0
U01404,18,15-20,Female,1
U01405,35,31-40,Male,0
U01406,21,21-30,Female,1
U01407,34,31-40,Female,1
U01408,18,15-20,Male,0
U01409,31,31-40,Male,0
U01410,17,15-20,Male,0
U01411,21,21-30,Male,0
U01412,16,15-20,Male,0
U01413,24,21-30,Male,0
U01414,35,31-40,Female,1
U01415,18,15-20,Male,0
U01416,22,21-30,Female,1
U01417,26,21-30,Female,1
U01418,20,15-20,Female,1
U01419,34,31-40,Female,1
U01420,34,31-40,Female,1
U01421,22,21-30,Male,0
U01422,16,15-20,Male,0
U01423,25,21-30,Male,0
U01424,28,21-30,Female,1
U01425,25,21-30,Female,1
U01426,24,21-30,Male,0
U01427,25,21-30,Male,0
U01428,35,31-40,Female,1
U01429,31,31-40,Female,1
U01430,19,15-20,Female,1
U01431,34,31-40,Female,1
U01432,17,15-20,Female,1
U01433,16,15-20,Female,1
U01434,24,21-30,Male,0
U01435,16,15-20,Male,0
U01436,34,31-40,Female,1
U01437,33,31-40,Female,1
U01438,30,21-30,Female,1
U01439,22,21-30,Male,0
U01440,20,15-20,Female,1
U01441,24,21-30,Female,1
U01442,34,31-40,Female,1
U01443,17,15-20,Female,1
U01444,29,21-30,Male,0
U01445,29,21-30,Male,0
U01446,32,31-40,Female,1
U01447,17,15-20,Female,1
U01448,25,21-30,Female,1
U01449,34,31-40,Male,0
U01450,16,15-20,Female,1
U01451,17,15-20,Male,0
U01452,23,21-30,Male,0
U01453,17,15-20,Male,0
U01454,18,15-20,Female,1
U01455,22,21-30,Female,1
U01456,30,21-30,Male,0
U01457,27,21-30,Male,0
U01458,24,21-30,Male,0
U01459,17,15-20,Female,1
U01460,32,31-40,Female,1
U01461,16,15-20,Male,0
U01462,27,21-30,Male,0
U01463,30,21-30,Female,1
U01464,33,31-40,Male,0
U01465,33,31-40,Male,0
U01466,22,21-30,Male,0
U01467,19,15-20,Female,1
U01468,28,21-30,Female,1
U01469,29,21-30,Female,1
U01470,28,21-30,Male,0
U01471,19,15-20,Female,1
U01472,27,21-30,Female,1
U01473,17,15-20,Female,1
U01474,20,15-20,Male,0
U01475,20,15-20,Male,0
U01476,35,31-40,Female,1
U01477,17,15-20,Female,1
U01478,35,31-40,Female,1
U01479,25,21-30,Female,1
U01480,20,15-20,Female,1
U01481,20,15-20,Male,0
U01482,17,15-20,Male,0
U01483,18,15-20,Male,0
U01484,17,15-20,Male,0
U01485,16,15-20,Male,0
U01486,17,15-20,Male,0
U01487,17,15-20,Female,1
U01488,27,21-30,Male,0
U01489,27,21-30,Male,0
U01490,19,15-20,Female,1
U01491,17,15-20,Female,1
U01492,23,21-30,Female,1
U01493,18,15-20,Female,1
U01494,32,31-40,Male,0
U01495,31,31-40,Female,1
U01496,22,21-30,Female,1
U01497,35,31-40,Female,1
U01498,15,15-20,Male,0
U01499,30,21-30,Female,1
U01500,15,15-20,Male,0
U01501,23,21-30,Male,0
U01502,28,21-30,Female,1
U01503,30,21-30,Female,1
U01504,31,31-40,Male,0
U01505,35,31-40,Male,0
U01506,34,31-40,Male,0
U01507,18,15-20,Female,1
U01508,34,31-40,Male,0
U01509,15,15-20,Female,1
U01510,16,15-20,Female,1
U01511,15,15-20,Male,0
U01512,19,15-20,Male,0
U01513,23,21-30,Male,0
U01514,25,21-30,Male,0
U01515,35,31-40,Female,1
U01516,19,15-20,Male,0
U01517,26,21-30,Male,0
U01518,21,21-30,Male,0
U01519,16,15-20,Male,0
U01520,26,21-30,Female,1
U01521,34,31-40,Female,1
U01522,31,31-40,Female,1
U01523,16,15-20,Male,0
U01524,30,21-30,Female,1
U01525,32,31-40,Female,1
U01526,20,15-20,Male,0
U01527,29,21-30,Female,1
U01528,16,15-20,Male,0
U01529,19,15-20,Female,1
U01530,16,15-20,Male,0
U01531,30,21-30,Female,1
U01532,28,21-30,Female,1
U01533,16,15-20,Female,1
U01534,28,21-30,Male,0
U01535,20,15-20,Male,0
U01536,33,31-40,Female,1
U01537,27,21-30,Female,1
U01538,27,21-30,Female,1
U01539,24,21-30,Female,1
U01540,30,21-30,Female,1
U01541,29,21-30,Female,1
U01542,18,15-20,Female,1
U01543,25,21-30,Female,1
U01544,31,31-40,Female,1
U01545,15,15-20,Female,1
U01546,34,31-40,Male,0
U01547,17,15-20,Male,0
U01548,35,31-40,Female,1
U01549,34,31-40,Female,1
U01550,16,15-20,Male,0
U01551,16,15-20,Male,0
U01552,32,31-40,Male,0
U01553,27,21-30,Male,0
U01554,20,15-20,Male,0
U01555,23,21-30,Female,1
U01556,23,21-30,Female,1
U01557,17,15-20,Male,0
U01558,32,31-40,Male,0
U01559,19,15-20,Male,0
U01560,24,21-30,Male,0
U01561,32,31-40,Male,0
U01562,18,15-20,Female,1
U01563,35,31-40,Female,1
U01564,28,21-30,Female,1
U01565,32,31-40,Male,0
U01566,29,21-30,Male,0
U01567,22,21-30,Male,0
U01568,26,21-30,Female,1
U01569,35,31-40,Male,0
U01570,31,31-40,Male,0
U01571,19,15-20,Male,0
U01572,29,21-30,Female,1
U01573,18,15-20,Female,1
U01574,17,15-20,Male,0
U01575,15,15-20,Female,1
U01576,35,31-40,Male,0
U01577,30,21-30,Male,0
U01578,26,21-30,Male,0
U01579,31,31-40,Male,0
U01580,15,15-20,Female,1
U01581,30,21-30,Male,0
U01582,16,15-20,Male,0
U01583,30,21-30,Female,1
U01584,32,31-40,Male,0
U01585,27,21-30,Male,0
U01586,27,21-30,Male,0
U01587,27,21-30,Male,0
U01588,32,31-40,Male,0
U01589,16,15-20,Female,1
U01590,33,31-40,Male,0
U01591,32,31-40,Female,1
U01592,33,31-40,Male,0
U01593,34,31-40,Male,0
U01594,35,31-40,Male,0
U01595,15,15-20,Male,0
U01596,22,21-30,Male,0
U01597,21,21-30,Female,1
U01598,30,21-30,Female,1
U01599,29,21-30,Female,1
U01600,29,21-30,Female,1
U01601,23,21-30,Female,1
U01602,31,31-40,Female,1
U01603,32,31-40,Male,0
U01604,31,31-40,Female,1
U01605,18,15-20,Male,0
U01606,17,15-20,Female,1
U01607,25,21-30,Male,0
U01608,15,15-20,Female,1
U01609,15,15-20,Male,0
U01610,31,31-40,Male,0
U01611,27,21-30,Male,0
U01612,29,21-30,Male,0
U01613,25,21-30,Male,0
U01614,17,15-20,Male,0
U01615,29,21-30,Male,0
U01616,20,15-20,Male,0
U01617,21,21-30,Male,0
U01618,15,15-20,Female,1
U01619,20,15-20,Female,1
U01620,19,15-20,Female,1
U01621,16,15-20,Female,1
U01622,15,15-20,Female,1
U01623,23,21-30,Male,0
U01624,34,31-40,Female,1
U01625,33,31-40,Female,1
U01626,26,21-30,Female,1
U01627,23,21-30,Female,1
U01628,26,21-30,Male,0
U01629,28,21-30,Female,1
U01630,33,31-40,Male,0
U01631,18,15-20,Female,1
U01632,21,21-30,Male,0
U01633,34,31-40,Male,0
U01634,35,31-40,Male,0
U01635,18,15-20,Female,1
U01636,19,15-20,Male,0
U01637,30,21-30,Male,0
U01638,26,21-30,Male,0
U01639,27,21-30,Male,0
U01640,23,21-30,Female,1
U01641,17,15-20,Male,0
U01642,26,21-30,Male,0
U01643,25,21-30,Male,0
U01644,23,21-30,Male,0
U01645,19,15-20,Male,0
U01646,28,21-30,Female,1
U01647,17,15-20,Female,1
U01648,22,21-30,Female,1
U01649,35,31-40,Male,0
U01650,33,31-40,Male,0
U01651,25,21-30,Female,1
U01652,35,31-40,Male,0
U01653,21,21-30,Female,1
U01654,22,21-30,Female,1
U01655,23,21-30,Male,0
U01656,27,21-30,Male,0
U01657,22,21-30,Female,1
U01658,31,31-40,Female,1
U01659,27,21-30,Female,1
U01660,25,21-30,Female,1
U01661,27,21-30,Female,1
U01662,28,21-30,Male,0
U01663,28,21-30,Female,1
U01664,23,21-30,Female,1
U01665,34,31-40,Female,1
U01666,28,21-30,Female,1
U01667,23,21-30,Female,1
U01668,27,21-30,Female,1
U01669,30,21-30,Female,1
U01670,19,15-20,Male,0
U01671,25,21-30,Male,0
U01672,15,15-20,Male,0
U01673,16,15-20,Male,0
U01674,27,21-30,Female,1
U01675,17,15-20,Male,0
U01676,22,21-30,Male,0
U01677,22,21-30,Male,0
U01678,31,31-40,Female,1
U01679,16,15-20,Female,1
U01680,30,21-30,Male,0
U01681,33,31-40,Male,0
U01682,21,21-30,Male,0
U01683,19,15-20,Female,1
U01684,26,21-30,Female,1
U01685,26,21-30,Female,1
U01686,32,31-40,Male,0
U01687,23,21-30,Female,1
U01688,28,21-30,Female,1
U01689,30,21-30,Female,1
U01690,27,21-30,Male,0
U01691,22,21-30,Male,0
U01692,26,21-30,Male,0
U01693,21,21-30,Male,0
U01694,35,31-40,Male,0
U01695,32,31-40,Male,0
U01696,31,31-40,Female,1
U01697,35,31-40,Male,0
U01698,28,21-30,Female,1
U01699,23,21-30,Female,1
U01700,25,21-30,Female,1
U01701,22,21-30,Male,0
U01702,21,21-30,Female,1
U01703,21,21-30,Male,0
U01704,30,21-30,Female,1
U01705,28,21-30,Male,0
U01706,17,15-20,Female,1
U01707,32,31-40,Male,0
U01708,22,21-30,Male,0
U01709,35,31-40,Female,1
U01710,32,31-40,Male,0
U01711,15,15-20,Female,1
U01712,30,21-30,Male,0
U01713,15,15-20,Male,0
U01714,24,21-30,Female,1
U01715,27,21-30,Male,0
U01716,22,21-30,Female,1
U01717,20,15-20,Male,0
U01718,23,21-30,Male,0
U01719,32,31-40,Female,1
U01720,21,21-30,Female,1
U01721,15,15-20,Female,1
U01722,30,21-30,Female,1
U01723,32,31-40,Female,1
U01724,17,15-20,Male,0
U01725,33,31-40,Male,0
U01726,32,31-40,Female,1
U01727,15,15-20,Female,1
U01728,33,31-40,Female,1
U01729,29,21-30,Female,1
U01730,27,21-30,Female,1
U01731,28,21-30,Male,0
U01732,17,15-20,Female,1
U01733,20,15-20,Female,1
U01734,29,21-30,Male,0
U01735,29,21-30,Male,0
U01736,17,15-20,Male,0
U01737,23,21-30,Male,0
U01738,16,15-20,Female,1
U01739,19,15-20,Male,0
U01740,20,15-20,Male,0
U01741,30,21-30,Male,0
U01742,30,21-30,Female,1
U01743,15,15-20,Male,0
U01744,22,21-30,Male,0
U01745,21,21-30,Female,1
U01746,24,21-30,Male,0
U01747,19,15-20,Female,1
U01748,22,21-30,Male,0
U01749,31,31-40,Female,1
U01750,24,21-30,Male,0
U01751,25,21-30,Female,1
U01752,34,31-40,Female,1
U01753,17,15-20,Female,1
U01754,22,21-30,Male,0
U01755,26,21-30,Female,1
U01756,21,21-30,Male,0
U01757,26,21-30,Female,1
U01758,16,15-20,Female,1
U01759,21,21-30,Male,0
U01760,19,15-20,Male,0
U01761,31,31-40,Male,0
U01762,33,31-40,Male,0
U01763,24,21-30,Male,0
U01764,30,21-30,Male,0
U01765,24,21-30,Female,1
U01766,33,31-40,Female,1
U01767,15,15-20,Female,1
U01768,26,21-30,Female,1
U01769,15,15-20,Male,0
U01770,22,21-30,Female,1
U01771,21,21-30,Male,0
U01772,32,31-40,Female,1
U01773,17,15-20,Male,0
U01774,17,15-20,Male,0
U01775,31,31-40,Female,1
U01776,30,21-30,Female,1
U01777,27,21-30,Male,0
U01778,24,21-30,Female,1
U01779,31,31-40,Male,0
U01780,27,21-30,Male,0
U01781,30,21-30,Male,0
U01782,17,15-20,Female,1
U01783,28,21-30,Male,0
U01784,32,31-40,Female,1
U01785,34,31-40,Female,1
U01786,25,21-30,Female,1
U01787,30,21-30,Female,1
U01788,15,15-20,Male,0
U01789,33,31-40,Female,1
U01790,25,21-30,Male,0
U01791,31,31-40,Female,1
U01792,15,15-20,Male,0
U01793,30,21-30,Male,0
U01794,26,21-30,Male,0
U01795,15,15-20,Female,1
U01796,15,15-20,Male,0
U01797,33,31-40,Male,0
U01798,18,15-20,Male,0
U01799,33,31-40,Female,1
U01800,25,21-30,Female,1
U01801,20,15-20,Male,0
U01802,15,15-20,Female,1
U01803,27,21-30,Female,1
U01804,20,15-20,Female,1
U01805,21,21-30,Male,0
U01806,26,21-30,Male,0
U01807,31,31-40,Male,0
U01808,15,15-20,Male,0
U01809,24,21-30,Female,1
U01810,15,15-20,Female,1
U01811,28,21-30,Female,1
U01812,17,15-20,Male,0
U01813,24,21-30,Female,1
U01814,17,15-20,Female,1
U01815,30,21-30,Male,0
U01816,21,21-30,Male,0
U01817,33,31-40,Male,0
U01818,15,15-20,Male,0
U01819,17,15-20,Male,0
U01820,24,21-30,Male,0
U01821,22,21-30,Male,0
U01822,22,21-30,Male,0
U01823,22,21-30,Male,0
U01824,20,15-20,Male,0
U01825,25,21-30,Male,0
U01826,17,15-20,Male,0
U01827,28,21-30,Male,0
U01828,21,21-30,Male,0
U01829,27,21-30,Male,0
U01830,15,15-20,Male,0
U01831,34,31-40,Female,1
U01832,24,21-30,Male,0
U01833,16,15-20,Male,0
U01834,33,31-40,Female,1
U01835,27,21-30,Male,0
U01836,32,31-40,Female,1
U01837,24,21-30,Female,1
U01838,24,21-30,Male,0
U01839,22,21-30,Female,1
U01840,35,31-40,Female,1
U01841,18,15-20,Female,1
U01842,33,31-40,Female,1
U01843,19,15-20,Female,1
U01844,18,15-20,Female,1
U01845,17,15-20,Female,1
U01846,21,21-30,Female,1
U01847,18,15-20,Female,1
U01848,30,21-30,Female,1
U01849,23,21-30,Male,0
U01850,29,21-30,Female,1
U01851,20,15-20,Male,0
U01852,19,15-20,Female,1
U01853,31,31-40,Male,0
U01854,16,15-20,Male,0
U01855,15,15-20,Female,1
U01856,27,21-30,Male,0
U01857,27,21-30,Female,1
U01858,34,31-40,Female,1
U01859,24,21-30,Female,1
U01860,19,15-20,Male,0
U01861,28,21-30,Female,1
U01862,24,21-30,Male,0
U01863,26,21-30,Male,0
U01864,15,15-20,Male,0
U01865,18,15-20,Male,0
U01866,25,21-30,Male,0
U01867,24,21-30,Female,1
U01868,27,21-30,Female,1
U01869,32,31-40,Male,0
U01870,28,21-30,Female,1
U01871,21,21-30,Male,0
U01872,28,21-30,Female,1
U01873,26,21-30,Male,0
U01874,15,15-20,Female,1
U01875,30,21-30,Male,0
U01876,17,15-20,Male,0
U01877,19,15-20,Male,0
U01878,20,15-20,Female,1
U01879,32,31-40,Female,1
U01880,26,21-30,Female,1
U01881,30,21-30,Male,0
U01882,30,21-30,Female,1
U01883,30,21-30,Female,1
U01884,20,15-20,Male,0
U01885,25,21-30,Female,1
U01886,17,15-20,Male,0
U01887,21,21-30,Female,1
U01888,15,15-20,Female,1
U01889,30,21-30,Female,1
U01890,18,15-20,Female,1
U01891,35,31-40,Female,1
U01892,16,15-20,Male,0
U01893,23,21-30,Female,1
U01894,35,31-40,Male,0
U01895,35,31-40,Female,1
U01896,32,31-40,Female,1
U01897,15,15-20,Female,1
U01898,26,21-30,Male,0
U01899,25,21-30,Female,1
U01900,19,15-20,Male,0
U01901,23,21-30,Male,0
U01902,30,21-30,Female,1
U01903,17,15-20,Female,1
U01904,17,15-20,Male,0
U01905,24,21-30,Female,1
U01906,19,15-20,Male,0
U01907,15,15-20,Male,0
U01908,19,15-20,Male,0
U01909,25,21-30,Male,0
U01910,28,21-30,Male,0
U01911,22,21-30,Male,0
U01912,24,21-30,Female,1
U01913,24,21-30,Male,0
U01914,32,31-40,Female,1
U01915,34,31-40,Female,1
U01916,29,21-30,Male,0
U01917,18,15-20,Female,1
U01918,23,21-30,Male,0
U01919,16,15-20,Female,1
U01920,33,31-40,Male,0
U01921,24,21-30,Male,0
U01922,21,21-30,Male,0
U01923,19,15-20,Male,0
U01924,20,15-20,Male,0
U01925,33,31-40,Male,0
U01926,26,21-30,Female,1
U01927,27,21-30,Female,1
U01928,33,31-40,Female,1
U01929,19,15-20,Male,0
U01930,28,21-30,Female,1
U01931,23,21-30,Female,1
U01932,25,21-30,Male,0
U01933,27,21-30,Female,1
U01934,22,21-30,Male,0
U01935,33,31-40,Female,1
U01936,23,21-30,Male,0
U01937,21,21-30,Female,1
U01938,33,31-40,Female,1
U01939,35,31-40,Male,0
U01940,16,15-20,Female,1
U01941,26,21-30,Female,1
U01942,27,21-30,Male,0
U01943,17,15-20,Male,0
U01944,19,15-20,Female,1
U01945,29,21-30,Female,1
U01946,19,15-20,Female,1
U01947,27,21-30,Female,1
U01948,33,31-40,Female,1
U01949,19,15-20,Male,0
U01950,29,21-30,Male,0
U01951,19,15-20,Female,1
U01952,15,15-20,Female,1
U01953,19,15-20,Male,0
U01954,35,31-40,Male,0
U01955,29,21-30,Female,1
U01956,34,31-40,Male,0
U01957,30,21-30,Male,0
U01958,16,15-20,Male,0
U01959,26,21-30,Female,1
U01960,19,15-20,Female,1
U01961,30,21-30,Male,0
U01962,19,15-20,Male,0
U01963,30,21-30,Male,0
U01964,32,31-40,Male,0
U01965,19,15-20,Female,1
U01966,25,21-30,Female,1
U01967,27,21-30,Female,1
U01968,30,21-30,Female,1
U01969,26,21-30,Male,0
U01970,16,15-20,Female,1
U01971,17,15-20,Female,1
U01972,18,15-20,Male,0
U01973,30,21-30,Male,0
U01974,31,31-40,Female,1
U01975,29,21-30,Male,0
U01976,24,21-30,Male,0
U01977,32,31-40,Male,0
U01978,26,21-30,Male,0
U01979,25,21-30,Female,1
U01980,15,15-20,Female,1
U01981,27,21-30,Female,1
U01982,35,31-40,Female,1
U01983,29,21-30,Female,1
U01984,15,15-20,Female,1
U01985,22,21-30,Female,1
U01986,29,21-30,Female,1
U01987,15,15-20,Male,0
U01988,17,15-20,Female,1
U01989,26,21-30,Female,1
U01990,16,15-20,Male,0
U01991,16,15-20,Female,1
U01992,18,15-20,Male,0
U01993,23,21-30,Female,1
U01994,20,15-20,Female,1
U01995,35,31-40,Female,1
U01996,29,21-30,Female,1
U01997,16,15-20,Male,0
U01998,23,21-30,Male,0
U01999,17,15-20,Female,1
U02000,32,31-40,Male,0
U02001,30,21-30,Male,0
U02002,23,21-30,Female,1
U02003,31,31-40,Male,0
U02004,27,21-30,Male,0
U02005,27,21-30,Male,0
U02006,34,31-40,Male,0
U02007,25,21-30,Female,1
U02008,25,21-30,Male,0
U02009,34,31-40,Male,0
U02010,31,31-40,Male,0
U02011,27,21-30,Male,0
U02012,17,15-20,Female,1
U02013,29,21-30,Female,1
U02014,23,21-30,Female,1
U02015,30,21-30,Male,0
U02016,25,21-30,Male,0
U02017,22,21-30,Female,1
U02018,35,31-40,Male,0
U02019,25,21-30,Female,1
U02020,18,15-20,Male,0
U02021,25,21-30,Female,1
U02022,27,21-30,Female,1
U02023,31,31-40,Female,1
U02024,24,21-30,Female,1
U02025,21,21-30,Male,0
U02026,19,15-20,Female,1
U02027,28,21-30,Male,0
U02028,35,31-40,Female,1
U02029,28,21-30,Male,0
U02030,28,21-30,Female,1
U02031,20,15-20,Male,0
U02032,17,15-20,Male,0
U02033,25,21-30,Male,0
U02034,31,31-40,Female,1
U02035,32,31-40,Male,0
U02036,26,21-30,Male,0
U02037,18,15-20,Female,1
U02038,32,31-40,Female,1
U02039,29,21-30,Male,0
U02040,30,21-30,Male,0
U02041,34,31-40,Male,0
U02042,32,31-40,Female,1
U02043,23,21-30,Female,1
U02044,24,21-30,Female,1
U02045,28,21-30,Female,1
U02046,17,15-20,Male,0
U02047,18,15-20,Female,1
U02048,19,15-20,Female,1
U02049,22,21-30,Male,0
U02050,28,21-30,Male,0
U02051,31,31-40,Female,1
U02052,21,21-30,Male,0
U02053,19,15-20,Female,1
U02054,23,21-30,Male,0
U02055,33,31-40,Female,1
U02056,35,31-40,Female,1
U02057,16,15-20,Male,0
U02058,16,15-20,Male,0
U02059,20,15-20,Female,1
U02060,31,31-40,Female,1
U02061,25,21-30,Female,1
U02062,35,31-40,Male,0
U02063,26,21-30,Male,0
U02064,35,31-40,Male,0
U02065,20,15-20,Male,0
U02066,18,15-20,Male,0
U02067,26,21-30,Female,1
U02068,15,15-20,Male,0
U02069,18,15-20,Male,0
U02070,31,31-40,Female,1
U02071,24,21-30,Male,0
U02072,16,15-20,Male,0
U02073,19,15-20,Female,1
U02074,27,21-30,Female,1
U02075,26,21-30,Male,0
U02076,24,21-30,Female,1
U02077,24,21-30,Male,0
U02078,34,31-40,Female,1
U02079,29,21-30,Female,1
U02080,33,31-40,Male,0
U02081,19,15-20,Female,1
U02082,26,21-30,Female,1
U02083,27,21-30,Female,1
U02084,21,21-30,Female,1
U02085,22,21-30,Female,1
U02086,30,21-30,Male,0
U02087,28,21-30,Female,1
U02088,18,15-20,Female,1
U02089,16,15-20,Female,1
U02090,22,21-30,Female,1
U02091,27,21-30,Male,0
U02092,25,21-30,Female,1
U02093,18,15-20,Male,0
U02094,24,21-30,Female,1
U02095,32,31-40,Female,1
U02096,31,31-40,Male,0
U02097,15,15-20,Female,1
U02098,25,21-30,Male,0
U02099,21,21-30,Female,1
U02100,15,15-20,Female,1
U02101,27,21-30,Male,0
U02102,20,15-20,Female,1
U02103,33,31-40,Male,0
U02104,15,15-20,Male,0
U02105,32,31-40,Female,1
U02106,28,21-30,Female,1
U02107,31,31-40,Male,0
U02108,27,21-30,Female,1
U02109,23,21-30,Male,0
U02110,25,21-30,Male,0
U02111,21,21-30,Male,0
U02112,22,21-30,Female,1
U02113,28,21-30,Female,1
U02114,32,31-40,Male,0
U02115,18,15-20,Male,0
U02116,32,31-40,Female,1
U02117,31,31-40,Male,0
U02118,27,21-30,Male,0
U02119,24,21-30,Female,1
U02120,19,15-20,Male,0
U02121,16,15-20,Female,1
U02122,32,31-40,Female,1
U02123,32,31-40,Male,0
U02124,15,15-20,Female,1
U02125,31,31-40,Female,1
U02126,22,21-30,Female,1
U02127,21,21-30,Female,1
U02128,30,21-30,Male,0
U02129,20,15-20,Female,1
U02130,19,15-20,Male,0
U02131,27,21-30,Female,1
U02132,20,15-20,Female,1
U02133,21,21-30,Male,0
U02134,31,31-40,Female,1
U02135,31,31-40,Male,0
U02136,33,31-40,Male,0
U02137,30,21-30,Male,0
U02138,19,15-20,Female,1
U02139,23,21-30,Male,0
U02140,21,21-30,Female,1
U02141,17,15-20,Male,0
U02142,26,21-30,Female,1
U02143,24,21-30,Male,0
U02144,15,15-20,Male,0
U02145,16,15-20,Female,1
U02146,17,15-20,Male,0
U02147,33,31-40,Male,0
U02148,31,31-40,Female,1
U02149,21,21-30,Female,1
U02150,16,15-20,Female,1
U02151,18,15-20,Female,1
U02152,35,31-40,Female,1
U02153,18,15-20,Female,1
U02154,16,15-20,Male,0
U02155,16,15-20,Female,1
U02156,34,31-40,Female,1
U02157,29,21-30,Male,0
U02158,17,15-20,Female,1
U02159,29,21-30,Female,1
U02160,21,21-30,Female,1
U02161,23,21-30,Female,1
U02162,25,21-30,Male,0
U02163,29,21-30,Male,0
U02164,25,21-30,Female,1
U02165,18,15-20,Male,0
U02166,27,21-30,Male,0
U02167,25,21-30,Female,1
U02168,34,31-40,Male,0
U02169,32,31-40,Female,1
U02170,24,21-30,Male,0
U02171,31,31-40,Male,0
U02172,34,31-40,Male,0
U02173,22,21-30,Female,1
U02174,17,15-20,Female,1
U02175,15,15-20,Female,1
U02176,23,21-30,Male,0
U02177,35,31-40,Male,0
U02178,21,21-30,Female,1
U02179,27,21-30,Female,1
U02180,31,31-40,Female,1
U02181,27,21-30,Female,1
U02182,29,21-30,Male,0
U02183,19,15-20,Male,0
U02184,20,15-20,Female,1
U02185,16,15-20,Male,0
U02186,29,21-30,Male,0
U02187,21,21-30,Male,0
U02188,17,15-20,Female,1
U02189,18,15-20,Male,0
U02190,19,15-20,Male,0
U02191,24,21-30,Male,0
U02192,22,21-30,Female,1
U02193,20,15-20,Male,0
U02194,18,15-20,Male,0
U02195,27,21-30,Female,1
U02196,31,31-40,Female,1
U02197,24,21-30,Female,1
U02198,17,15-20,Female,1
U02199,27,21-30,Male,0
U02200,23,21-30,Male,0
U02201,20,15-20,Male,0
U02202,28,21-30,Male,0
U02203,31,31-40,Female,1
U02204,16,15-20,Female,1
U02205,34,31-40,Female,1
U02206,31,31-40,Male,0
U02207,33,31-40,Female,1
U02208,30,21-30,Male,0
U02209,24,21-30,Male,0
U02210,33,31-40,Male,0
U02211,23,21-30,Male,0
U02212,33,31-40,Male,0
U02213,17,15-20,Male,0
U02214,20,15-20,Female,1
U02215,32,31-40,Male,0
U02216,26,21-30,Female,1
U02217,21,21-30,Male,0
U02218,17,15-20,Male,0
U02219,29,21-30,Male,0
U02220,30,21-30,Male,0
U02221,19,15-20,Female,1
U02222,23,21-30,Male,0
U02223,22,21-30,Female,1
U02224,18,15-20,Female,1
U02225,33,31-40,Female,1
U02226,20,15-20,Female,1
U02227,21,21-30,Female,1
U02228,19,15-20,Male,0
U02229,34,31-40,Female,1
U02230,32,31-40,Female,1
U02231,20,15-20,Male,0
U02232,26,21-30,Female,1
U02233,28,21-30,Male,0
U02234,31,31-40,Female,1
U02235,15,15-20,Female,1
U02236,24,21-30,Female,1
U02237,16,15-20,Male,0
U02238,19,15-20,Female,1
U02239,25,21-30,Female,1
U02240,33,31-40,Female,1
U02241,29,21-30,Male,0
U02242,29,21-30,Female,1
U02243,16,15-20,Female,1
U02244,34,31-40,Male,0
U02245,22,21-30,Male,0
U02246,15,15-20,Female,1
U02247,15,15-20,Female,1
U02248,29,21-30,Male,0
U02249,25,21-30,Female,1
U02250,19,15-20,Female,1
U02251,35,31-40,Male,0
U02252,29,21-30,Female,1
U02253,22,21-30,Female,1
U02254,17,15-20,Female,1
U02255,18,15-20,Female,1
U02256,16,15-20,Female,1
U02257,19,15-20,Female,1
U02258,21,21-30,Male,0
U02259,32,31-40,Female,1
U02260,16,15-20,Female,1
U02261,26,21-30,Male,0
U02262,31,31-40,Female,1
U02263,29,21-30,Female,1
U02264,28,21-30,Female,1
U02265,33,31-40,Male,0
U02266,21,21-30,Male,0
U02267,19,15-20,Male,0
U02268,29,21-30,Female,1
U02269,32,31-40,Male,0
U02270,21,21-30,Male,0
U02271,20,15-20,Male,0
U02272,23,21-30,Female,1
U02273,28,21-30,Male,0
U02274,16,15-20,Male,0
U02275,23,21-30,Female,1
U02276,34,31-40,Female,1
U02277,28,21-30,Male,0
U02278,20,15-20,Male,0
U02279,29,21-30,Female,1
U02280,26,21-30,Female,1
U02281,34,31-40,Male,0
U02282,25,21-30,Female,1
U02283,16,15-20,Male,0
U02284,28,21-30,Male,0
U02285,28,21-30,Female,1
U02286,32,31-40,Female,1
U02287,22,21-30,Male,0
U02288,32,31-40,Female,1
U02289,15,15-20,Male,0
U02290,25,21-30,Male,0
U02291,31,31-40,Female,1
U02292,30,21-30,Male,0
U02293,30,21-30,Female,1
U02294,26,21-30,Male,0
U02295,33,31-40,Male,0
U02296,27,21-30,Female,1
U02297,28,21-30,Male,0
U02298,22,21-30,Female,1
U02299,35,31-40,Female,1
U02300,35,31-40,Male,0
U02301,18,15-20,Female,1
U02302,30,21-30,Male,0
U02303,34,31-40,Male,0
U02304,21,21-30,Male,0
U02305,19,15-20,Female,1
U02306,18,15-20,Female,1
U02307,22,21-30,Male,0
U02308,15,15-20,Female,1
U02309,23,21-30,Female,1
U02310,15,15-20,Male,0
U02311,23,21-30,Female,1
U02312,28,21-30,Male,0
U02313,24,21-30,Female,1
U02314,29,21-30,Male,0
U02315,34,31-40,Male,0
U02316,31,31-40,Female,1
U02317,18,15-20,Male,0
U02318,24,21-30,Female,1
U02319,24,21-30,Female,1
U02320,17,15-20,Male,0
U02321,26,21-30,Female,1
U02322,28,21-30,Female,1
U02323,29,21-30,Female,1
U02324,34,31-40,Female,1
U02325,15,15-20,Male,0
U02326,32,31-40,Male,0
U02327,29,21-30,Male,0
U02328,22,21-30,Female,1
U02329,35,31-40,Male,0
U02330,29,21-30,Female,1
U02331,25,21-30,Female,1
U02332,23,21-30,Male,0
U02333,32,31-40,Female,1
U02334,23,21-30,Female,1
U02335,25,21-30,Female,1
U02336,17,15-20,Female,1
U02337,18,15-20,Female,1
U02338,29,21-30,Female,1
U02339,33,31-40,Female,1
U02340,20,15-20,Male,0
U02341,17,15-20,Male,0
U02342,21,21-30,Male,0
U02343,29,21-30,Male,0
U02344,26,21-30,Male,0
U02345,31,31-40,Male,0
U02346,34,31-40,Male,0
U02347,27,21-30,Male,0
U02348,20,15-20,Male,0
U02349,27,21-30,Male,0
U02350,31,31-40,Female,1
U02351,22,21-30,Female,1
U02352,30,21-30,Female,1
U02353,16,15-20,Male,0
U02354,29,21-30,Female,1
U02355,32,31-40,Female,1
U02356,35,31-40,Male,0
U02357,28,21-30,Female,1
U02358,22,21-30,Male,0
U02359,32,31-40,Female,1
U02360,18,15-20,Female,1
U02361,26,21-30,Female,1
U02362,33,31-40,Female,1
U02363,15,15-20,Male,0
U02364,29,21-30,Female,1
U02365,34,31-40,Female,1
U02366,19,15-20,Female,1
U02367,25,21-30,Male,0
U02368,31,31-40,Male,0
U02369,16,15-20,Male,0
U02370,24,21-30,Male,0
U02371,34,31-40,Female,1
U02372,35,31-40,Male,0
U02373,22,21-30,Male,0
U02374,22,21-30,Male,0
U02375,33,31-40,Female,1
U02376,19,15-20,Female,1
U02377,35,31-40,Male,0
U02378,23,21-30,Male,0
U02379,20,15-20,Male,0
U02380,24,21-30,Female,1
U02381,31,31-40,Female,1
U02382,32,31-40,Male,0
U02383,21,21-30,Male,0
U02384,22,21-30,Male,0
U02385,30,21-30,Male,0
U02386,35,31-40,Male,0
U02387,31,31-40,Male,0
U02388,23,21-30,Male,0
U02389,33,31-40,Male,0
U02390,28,21-30,Female,1
U02391,20,15-20,Female,1
U02392,21,21-30,Male,0
U02393,18,15-20,Male,0
U02394,35,31-40,Male,0
U02395,32,31-40,Female,1
U02396,16,15-20,Female,1
U02397,22,21-30,Male,0
U02398,26,21-30,Female,1
U02399,22,21-30,Male,0
U02400,17,15-20,Male,0
U02401,28,21-30,Male,0
U02402,19,15-20,Female,1
U02403,18,15-20,Female,1
U02404,28,21-30,Male,0
U02405,25,21-30,Female,1
U02406,23,21-30,Female,1
U02407,27,21-30,Male,0
U02408,34,31-40,Female,1
U02409,24,21-30,Female,1
U02410,18,15-20,Male,0
U02411,31,31-40,Female,1
U02412,15,15-20,Female,1
U02413,25,21-30,Male,0
U02414,21,21-30,Male,0
U02415,33,31-40,Male,0
U02416,24,21-30,Female,1
U02417,34,31-40,Female,1
U02418,23,21-30,Male,0
U02419,17,15-20,Female,1
U02420,20,15-20,Female,1
U02421,15,15-20,Female,1
U02422,21,21-30,Female,1
U02423,32,31-40,Female,1
U02424,31,31-40,Female,1
U02425,24,21-30,Female,1
U02426,19,15-20,Female,1
U02427,31,31-40,Female,1
U02428,30,21-30,Male,0
U02429,30,21-30,Female,1
U02430,29,21-30,Male,0
U02431,16,15-20,Male,0
U02432,30,21-30,Female,1
U02433,15,15-20,Female,1
U02434,31,31-40,Male,0
U02435,17,15-20,Male,0
U02436,16,15-20,Male,0
U02437,15,15-20,Male,0
U02438,28,21-30,Female,1
U02439,22,21-30,Female,1
U02440,26,21-30,Female,1
U02441,33,31-40,Male,0
U02442,23,21-30,Male,0
U02443,22,21-30,Female,1
U02444,28,21-30,Female,1
U02445,26,21-30,Female,1
U02446,29,21-30,Male,0
U02447,31,31-40,Female,1
U02448,17,15-20,Male,0
U02449,32,31-40,Male,0
U02450,30,21-30,Female,1
U02451,31,31-40,Male,0
U02452,23,21-30,Female,1
U02453,29,21-30,Female,1
U02454,28,21-30,Male,0
U02455,34,31-40,Male,0
U02456,35,31-40,Male,0
U02457,31,31-40,Female,1
U02458,26,21-30,Female,1
U02459,33,31-40,Male,0
U02460,21,21-30,Female,1
U02461,15,15-20,Female,1
U02462,26,21-30,Male,0
U02463,29,21-30,Male,0
U02464,21,21-30,Female,1
U02465,27,21-30,Male,0
U02466,23,21-30,Male,0
U02467,19,15-20,Male,0
U02468,29,21-30,Female,1
U02469,21,21-30,Male,0
U02470,34,31-40,Male,0
U02471,16,15-20,Female,1
U02472,17,15-20,Male,0
U02473,31,31-40,Female,1
U02474,27,21-30,Male,0
U02475,35,31-40,Male,0
U02476,34,31-40,Female,1
U02477,17,15-20,Male,0
U02478,30,21-30,Male,0
U02479,19,15-20,Female,1
U02480,35,31-40,Male,0
U02481,29,21-30,Male,0
U02482,35,31-40,Male,0
U02483,25,21-30,Male,0
U02484,25,21-30,Female,1
U02485,22,21-30,Male,0
U02486,29,21-30,Male,0
U02487,23,21-30,Male,0
U02488,27,21-30,Female,1
U02489,18,15-20,Male,0
U02490,24,21-30,Female,1
U02491,17,15-20,Female,1
U02492,19,15-20,Male,0
U02493,22,21-30,Female,1
U02494,32,31-40,Male,0
U02495,28,21-30,Male,0
U02496,33,31-40,Female,1
U02497,26,21-30,Female,1
U02498,20,15-20,Female,1
U02499,28,21-30,Male,0
U02500,29,21-30,Male,0
U02501,16,15-20,Female,1
U02502,16,15-20,Female,1
U02503,16,15-20,Female,1
U02504,34,31-40,Female,1
U02505,35,31-40,Female,1
U02506,16,15-20,Female,1
U02507,32,31-40,Female,1
U02508,32,31-40,Male,0
U02509,24,21-30,Male,0
U02510,23,21-30,Male,0
U02511,30,21-30,Female,1
U02512,15,15-20,Female,1
U02513,23,21-30,Male,0
U02514,17,15-20,Male,0
U02515,15,15-20,Male,0
U02516,32,31-40,Male,0
U02517,30,21-30,Female,1
U02518,19,15-20,Female,1
U02519,29,21-30,Male,0
U02520,29,21-30,Male,0
U02521,25,21-30,Male,0
U02522,21,21-30,Female,1
U02523,31,31-40,Male,0
U02524,32,31-40,Male,0
U02525,25,21-30,Male,0
U02526,30,21-30,Female,1
U02527,32,31-40,Female,1
U02528,35,31-40,Male,0
U02529,17,15-20,Female,1
U02530,21,21-30,Male,0
U02531,22,21-30,Female,1
U02532,26,21-30,Male,0
U02533,18,15-20,Female,1
U02534,25,21-30,Female,1
U02535,26,21-30,Female,1
U02536,16,15-20,Male,0
U02537,31,31-40,Female,1
U02538,18,15-20,Male,0
U02539,20,15-20,Female,1
U02540,33,31-40,Female,1
U02541,18,15-20,Female,1
U02542,35,31-40,Female,1
U02543,28,21-30,Male,0
U02544,29,21-30,Male,0
U02545,16,15-20,Female,1
U02546,27,21-30,Female,1
U02547,30,21-30,Female,1
U02548,25,21-30,Male,0
U02549,27,21-30,Male,0
U02550,18,15-20,Male,0
U02551,25,21-30,Male,0
U02552,27,21-30,Male,0
U02553,35,31-40,Female,1
U02554,32,31-40,Male,0
U02555,15,15-20,Male,0
U02556,18,15-20,Female,1
U02557,25,21-30,Female,1
U02558,23,21-30,Female,1
U02559,33,31-40,Female,1
U02560,22,21-30,Male,0
U02561,33,31-40,Male,0
U02562,18,15-20,Male,0
U02563,27,21-30,Male,0
U02564,19,15-20,Female,1
U02565,32,31-40,Male,0
U02566,30,21-30,Female,1
U02567,35,31-40,Male,0
U02568,33,31-40,Female,1
U02569,35,31-40,Female,1
U02570,25,21-30,Female,1
U02571,20,15-20,Female,1
U02572,33,31-40,Female,1
U02573,28,21-30,Female,1
U02574,24,21-30,Male,0
U02575,30,21-30,Female,1
U02576,17,15-20,Female,1
U02577,21,21-30,Female,1
U02578,15,15-20,Male,0
U02579,28,21-30,Female,1
U02580,17,15-20,Female,1
U02581,22,21-30,Female,1
U02582,23,21-30,Male,0
U02583,33,31-40,Male,0
U02584,20,15-20,Male,0
U02585,32,31-40,Male,0
U02586,23,21-30,Male,0
U02587,30,21-30,Male,0
U02588,18,15-20,Male,0
U02589,26,21-30,Female,1
U02590,20,15-20,Male,0
U02591,33,31-40,Male,0
U02592,15,15-20,Male,0
U02593,16,15-20,Male,0
U02594,18,15-20,Female,1
U02595,17,15-20,Male,0
U02596,19,15-20,Female,1
U02597,17,15-20,Female,1
U02598,25,21-30,Female,1
U02599,33,31-40,Female,1
U02600,17,15-20,Male,0
U02601,19,15-20,Female,1
U02602,33,31-40,Male,0
U02603,31,31-40,Female,1
U02604,16,15-20,Male,0
U02605,22,21-30,Male,0
U02606,24,21-30,Male,0
U02607,22,21-30,Male,0
U02608,30,21-30,Male,0
U02609,15,15-20,Male,0
U02610,19,15-20,Male,0
U02611,17,15-20,Female,1
U02612,22,21-30,Male,0
U02613,23,21-30,Female,1
U02614,30,21-30,Female,1
U02615,33,31-40,Male,0
U02616,19,15-20,Female,1
U02617,23,21-30,Female,1
U02618,23,21-30,Male,0
U02619,24,21-30,Female,1
U02620,30,21-30,Female,1
U02621,34,31-40,Female,1
U02622,32,31-40,Female,1
U02623,32,31-40,Female,1
U02624,16,15-20,Female,1
U02625,22,21-30,Female,1
U02626,21,21-30,Female,1
U02627,26,21-30,Female,1
U02628,33,31-40,Female,1
U02629,35,31-40,Female,1
U02630,20,15-20,Male,0
U02631,23,21-30,Male,0
U02632,22,21-30,Female,1
U02633,19,15-20,Female,1
U02634,29,21-30,Female,1
U02635,16,15-20,Male,0
U02636,20,15-20,Male,0
U02637,28,21-30,Male,0
U02638,31,31-40,Female,1
U02639,22,21-30,Female,1
U02640,34,31-40,Female,1
U02641,30,21-30,Male,0
U02642,33,31-40,Male,0
U02643,17,15-20,Female,1
U02644,23,21-30,Male,0
U02645,26,21-30,Female,1
U02646,26,21-30,Male,0
U02647,20,15-20,Female,1
U02648,28,21-30,Female,1
U02649,34,31-40,Female,1
U02650,29,21-30,Female,1
U02651,16,15-20,Female,1
U02652,15,15-20,Male,0
U02653,34,31-40,Male,0
U02654,27,21-30,Male,0
U02655,32,31-40,Male,0
U02656,34,31-40,Female,1
U02657,31,31-40,Male,0
U02658,30,21-30,Male,0
U02659,17,15-20,Male,0
U02660,31,31-40,Female,1
U02661,27,21-30,Male,0
U02662,32,31-40,Male,0
U02663,27,21-30,Female,1
U02664,22,21-30,Female,1
U02665,21,21-30,Female,1
U02666,19,15-20,Male,0
U02667,22,21-30,Female,1
U02668,26,21-30,Male,0
U02669,25,21-30,Male,0
U02670,25,21-30,Female,1
U02671,15,15-20,Female,1
U02672,32,31-40,Male,0
U02673,19,15-20,Female,1
U02674,28,21-30,Female,1
U02675,34,31-40,Female,1
U02676,15,15-20,Male,0
U02677,33,31-40,Male,0
U02678,19,15-20,Female,1
U02679,18,15-20,Male,0
U02680,19,15-20,Female,1
U02681,33,31-40,Male,0
U02682,35,31-40,Female,1
U02683,28,21-30,Male,0
U02684,28,21-30,Male,0
U02685,27,21-30,Female,1
U02686,19,15-20,Female,1
U02687,34,31-40,Male,0
U02688,26,21-30,Female,1
U02689,27,21-30,Male,0
U02690,24,21-30,Male,0
U02691,19,15-20,Female,1
U02692,23,21-30,Male,0
U02693,19,15-20,Male,0
U02694,30,21-30,Female,1
U02695,30,21-30,Male,0
U02696,25,21-30,Female,1
U02697,22,21-30,Female,1
U02698,18,15-20,Female,1
U02699,16,15-20,Female,1
U02700,18,15-20,Female,1
U02701,23,21-30,Female,1
U02702,15,15-20,Male,0
U02703,30,21-30,Male,0
U02704,23,21-30,Female,1
U02705,31,31-40,Male,0
U02706,21,21-30,Female,1
U02707,19,15-20,Female,1
U02708,25,21-30,Male,0
U02709,19,15-20,Female,1
U02710,23,21-30,Female,1
U02711,20,15-20,Male,0
U02712,34,31-40,Female,1
U02713,32,31-40,Female,1
U02714,17,15-20,Male,0
U02715,22,21-30,Male,0
U02716,27,21-30,Female,1
U02717,31,31-40,Male,0
U02718,27,21-30,Male,0
U02719,29,21-30,Male,0
U02720,22,21-30,Male,0
U02721,26,21-30,Male,0
U02722,23,21-30,Female,1
U02723,25,21-30,Female,1
U02724,35,31-40,Male,0
U02725,23,21-30,Male,0
U02726,25,21-30,Female,1
U02727,34,31-40,Male,0
U02728,33,31-40,Female,1
U02729,20,15-20,Male,0
U02730,27,21-30,Female,1
U02731,26,21-30,Male,0
U02732,26,21-30,Male,0
U02733,31,31-40,Male,0
U02734,15,15-20,Female,1
U02735,34,31-40,Female,1
U02736,15,15-20,Male,0
U02737,23,21-30,Male,0
U02738,16,15-20,Female,1
U02739,15,15-20,Female,1
U02740,31,31-40,Male,0
U02741,18,15-20,Male,0
U02742,25,21-30,Female,1
U02743,33,31-40,Male,0
U02744,24,21-30,Female,1
U02745,18,15-20,Female,1
U02746,28,21-30,Male,0
U02747,30,21-30,Male,0
U02748,27,21-30,Female,1
U02749,30,21-30,Male,0
U02750,23,21-30,Female,1
U02751,24,21-30,Female,1
U02752,32,31-40,Female,1
U02753,26,21-30,Female,1
U02754,34,31-40,Male,0
U02755,30,21-30,Female,1
U02756,32,31-40,Female,1
U02757,16,15-20,Male,0
U02758,25,21-30,Female,1
U02759,20,15-20,Female,1
U02760,31,31-40,Male,0
U02761,31,31-40,Female,1
U02762,21,21-30,Female,1
U02763,28,21-30,Male,0
U02764,32,31-40,Male,0
U02765,21,21-30,Male,0
U02766,19,15-20,Male,0
U02767,31,31-40,Male,0
U02768,34,31-40,Female,1
U02769,19,15-20,Male,0
U02770,31,31-40,Male,0
U02771,18,15-20,Female,1
U02772,31,31-40,Male,0
U02773,26,21-30,Male,0
U02774,19,15-20,Male,0
U02775,24,21-30,Female,1
U02776,20,15-20,Female,1
U02777,27,21-30,Male,0
U02778,29,21-30,Male,0
U02779,19,15-20,Female,1
U02780,26,21-30,Female,1
U02781,24,21-30,Female,1
U02782,25,21-30,Male,0
U02783,30,21-30,Female,1
U02784,23,21-30,Male,0
U02785,25,21-30,Female,1
U02786,25,21-30,Male,0
U02787,21,21-30,Male,0
U02788,20,15-20,Female,1
U02789,21,21-30,Male,0
U02790,25,21-30,Male,0
U02791,27,21-30,Male,0
U02792,27,21-30,Female,1
U02793,22,21-30,Female,1
U02794,33,31-40,Female,1
U02795,31,31-40,Male,0
U02796,33,31-40,Male,0
U02797,34,31-40,Male,0
U02798,28,21-30,Female,1
U02799,17,15-20,Male,0
U02800,34,31-40,Male,0
U02801,15,15-20,Female,1
U02802,15,15-20,Female,1
U02803,26,21-30,Male,0
U02804,24,21-30,Male,0
U02805,16,15-20,Male,0
U02806,28,21-30,Male,0
U02807,18,15-20,Female,1
U02808,35,31-40,Male,0
U02809,32,31-40,Male,0
U02810,18,15-20,Female,1
U02811,21,21-30,Male,0
U02812,17,15-20,Male,0
U02813,27,21-30,Male,0
U02814,27,21-30,Female,1
U02815,15,15-20,Female,1
U02816,25,21-30,Male,0
U02817,33,31-40,Male,0
U02818,32,31-40,Male,0
U02819,20,15-20,Female,1
U02820,30,21-30,Male,0
U02821,27,21-30,Male,0
U02822,15,15-20,Male,0
U02823,31,31-40,Male,0
U02824,28,21-30,Female,1
U02825,34,31-40,Male,0
U02826,25,21-30,Male,0
U02827,17,15-20,Male,0
U02828,32,31-40,Female,1
U02829,19,15-20,Female,1
U02830,34,31-40,Female,1
U02831,22,21-30,Female,1
U02832,31,31-40,Male,0
U02833,21,21-30,Female,1
U02834,17,15-20,Male,0
U02835,31,31-40,Male,0
U02836,17,15-20,Female,1
U02837,31,31-40,Male,0
U02838,35,31-40,Male,0
U02839,18,15-20,Female,1
U02840,29,21-30,Female,1
U02841,27,21-30,Female,1
U02842,20,15-20,Female,1
U02843,26,21-30,Male,0
U02844,21,21-30,Female,1
U02845,22,21-30,Male,0
U02846,29,21-30,Female,1
U02847,27,21-30,Male,0
U02848,23,21-30,Male,0
U02849,31,31-40,Female,1
U02850,25,21-30,Female,1
U02851,30,21-30,Male,0
U02852,23,21-30,Male,0
U02853,25,21-30,Male,0
U02854,28,21-30,Male,0
U02855,18,15-20,Female,1
U02856,19,15-20,Female,1
U02857,35,31-40,Male,0
U02858,16,15-20,Female,1
U02859,26,21-30,Female,1
U02860,17,15-20,Male,0
U02861,29,21-30,Male,0
U02862,27,21-30,Male,0
U02863,29,21-30,Male,0
U02864,25,21-30,Female,1
U02865,35,31-40,Female,1
U02866,20,15-20,Male,0
U02867,19,15-20,Male,0
U02868,25,21-30,Male,0
U02869,26,21-30,Female,1
U02870,27,21-30,Male,0
U02871,19,15-20,Female,1
U02872,21,21-30,Female,1
U02873,33,31-40,Female,1
U02874,32,31-40,Male,0
U02875,27,21-30,Female,1
U02876,24,21-30,Female,1
U02877,28,21-30,Male,0
U02878,23,21-30,Male,0
U02879,16,15-20,Female,1
U02880,21,21-30,Female,1
U02881,27,21-30,Male,0
U02882,33,31-40,Female,1
U02883,16,15-20,Female,1
U02884,31,31-40,Female,1
U02885,22,21-30,Male,0
U02886,35,31-40,Male,0
U02887,30,21-30,Male,0
U02888,20,15-20,Male,0
U02889,28,21-30,Female,1
U02890,18,15-20,Male,0
U02891,27,21-30,Female,1
U02892,26,21-30,Female,1
U02893,22,21-30,Male,0
U02894,15,15-20,Female,1
U02895,21,21-30,Female,1
U02896,30,21-30,Male,0
U02897,27,21-30,Male,0
U02898,22,21-30,Female,1
U02899,28,21-30,Female,1
U02900,35,31-40,Male,0
U02901,30,21-30,Male,0
U02902,27,21-30,Male,0
U02903,27,21-30,Male,0
U02904,18,15-20,Male,0
U02905,27,21-30,Female,1
U02906,24,21-30,Male,0
U02907,17,15-20,Female,1
U02908,34,31-40,Male,0
U02909,19,15-20,Female,1
U02910,35,31-40,Female,1
U02911,34,31-40,Female,1
U02912,27,21-30,Male,0
U02913,22,21-30,Female,1
U02914,31,31-40,Female,1
U02915,33,31-40,Female,1
U02916,20,15-20,Male,0
U02917,32,31-40,Female,1
U02918,19,15-20,Female,1
U02919,25,21-30,Male,0
U02920,17,15-20,Male,0
U02921,16,15-20,Female,1
U02922,25,21-30,Male,0
U02923,27,21-30,Male,0
U02924,21,21-30,Female,1
U02925,18,15-20,Female,1
U02926,24,21-30,Male,0
U02927,20,15-20,Male,0
U02928,26,21-30,Male,0
U02929,16,15-20,Female,1
U02930,26,21-30,Female,1
U02931,28,21-30,Female,1
U02932,17,15-20,Female,1
U02933,34,31-40,Male,0
U02934,29,21-30,Female,1
U02935,25,21-30,Female,1
U02936,35,31-40,Female,1
U02937,23,21-30,Male,0
U02938,28,21-30,Male,0
U02939,18,15-20,Female,1
U02940,18,15-20,Female,1
U02941,22,21-30,Male,0
U02942,18,15-20,Male,0
U02943,19,15-20,Female,1
U02944,23,21-30,Female,1
U02945,23,21-30,Female,1
U02946,18,15-20,Female,1
U02947,18,15-20,Female,1
U02948,33,31-40,Male,0
U02949,17,15-20,Female,1
U02950,35,31-40,Male,0
U02951,28,21-30,Male,0
U02952,32,31-40,Male,0
U02953,21,21-30,Male,0
U02954,35,31-40,Female,1
U02955,25,21-30,Male,0
U02956,18,15-20,Male,0
U02957,31,31-40,Male,0
U02958,33,31-40,Male,0
U02959,29,21-30,Male,0
U02960,24,21-30,Male,0
U02961,25,21-30,Female,1
U02962,23,21-30,Male,0
U02963,18,15-20,Female,1
U02964,33,31-40,Male,0
U02965,16,15-20,Male,0
U02966,26,21-30,Female,1
U02967,21,21-30,Male,0
U02968,34,31-40,Female,1
U02969,18,15-20,Female,1
U02970,34,31-40,Male,0
U02971,20,15-20,Female,1
U02972,35,31-40,Male,0
U02973,28,21-30,Female,1
U02974,31,31-40,Female,1
U02975,22,21-30,Male,0
U02976,28,21-30,Female,1
U02977,33,31-40,Male,0
U02978,18,15-20,Female,1
U02979,26,21-30,Male,0
U02980,27,21-30,Male,0
U02981,23,21-30,Male,0
U02982,20,15-20,Female,1
U02983,35,31-40,Female,1
U02984,35,31-40,Female,1
U02985,35,31-40,Male,0
U02986,16,15-20,Male,0
U02987,26,21-30,Male,0
U02988,17,15-20,Male,0
U02989,22,21-30,Male,0
U02990,22,21-30,Male,0
U02991,27,21-30,Female,1
U02992,24,21-30,Female,1
U02993,20,15-20,Female,1
U02994,31,31-40,Female,1
U02995,16,15-20,Male,0
U02996,32,31-40,Male,0
U02997,21,21-30,Female,1
U02998,33,31-40,Male,0
U02999,20,15-20,Male,0
U03000,15,15-20,Male,0
